[["achievementmap",{"version":2,"data":"[]"}],["usernews",{"version":2,"data":["CAMQuKyNjQYZNRs4MgEAEAEhAAAAAAAAAAApAAAAAAAAAAAw8bsW","COoHEK2Lgo0GGTaGSwIAAHABIQ2t2wIBABABKbasEAAAAAAAUdglTK5x/JkrYJKDgo0G","COoHEMTXlYwGGTaGSwIAAHABIdjCfRMBABABKbasEAAAAAAAUUIgxqy2+hErYMW0lYwG","CAkQ/KKHjAYZNRs4MgEAEAEhAAAAAAAAAAAptqwQAAAAAAA=","COoHEJ/S5osGGTaGSwIAAHABIdjCfRMBABABKbasEAAAAAAAUcLOKwoj+hErYM6q5osG","COoHEPCZzYsGGTaGSwIAAHABIdjCfRMBABABKbasEAAAAAAAUefujH+S+YEqYISDzYsG","COoHEMONw4sGGTaGSwIAAHABIdjCfRMBABABKbasEAAAAAAAUdggJX+S+YEqYKuLw4sG","COoHEIPVvYsGGTaGSwIAAHABIe2UMQIBABABKbasEAAAAAAAUW8kD4Wa+A0qYK/Lu4sG"]}],["gameactivity",{"version":3,"data":[]}],["achievements",{"version":2,"data":{"vecHighlight":[],"vecUnachieved":[{"strID":"PART1_PROSPECTOR","strName":"Miner's Bane","strDescription":"Defeat The Prospector.","strImage":"https://steamcdn-a.akamaihd.net/steamcommunity/public/images/apps/1092790/d39ced542e2a857be2c7989e41b60749d3b721fe.jpg","bAchieved":false,"rtUnlocked":0,"flAchieved":94.5,"flMinProgress":0,"flCurrentProgress":0,"flMaxProgress":0},{"strID":"PART1_ANGLER","strName":"Grizzled Angler","strDescription":"Defeat The Angler.","strImage":"https://steamcdn-a.akamaihd.net/steamcommunity/public/images/apps/1092790/d39ced542e2a857be2c7989e41b60749d3b721fe.jpg","bAchieved":false,"rtUnlocked":0,"flAchieved":87.5999984741211,"flMinProgress":0,"flCurrentProgress":0,"flMaxProgress":0},{"strID":"PART1_SPECIAL1","strName":"Squirrel Wrangler","strDescription":"Win a battle with damage from Squirrels.","strImage":"https://steamcdn-a.akamaihd.net/steamcommunity/public/images/apps/1092790/d39ced542e2a857be2c7989e41b60749d3b721fe.jpg","bAchieved":false,"rtUnlocked":0,"flAchieved":55.400001525878906,"flMinProgress":0,"flCurrentProgress":0,"flMaxProgress":0},{"strID":"PART1_SPECIAL2","strName":"Gruesome Encore","strDescription":"Allow The Mycologists to experiment on a creature that is already itself an experiment.","strImage":"https://steamcdn-a.akamaihd.net/steamcommunity/public/images/apps/1092790/d39ced542e2a857be2c7989e41b60749d3b721fe.jpg","bAchieved":false,"rtUnlocked":0,"flAchieved":16.299999237060547,"flMinProgress":0,"flCurrentProgress":0,"flMaxProgress":0},{"strID":"PART1_SPECIAL3","strName":"Role Reversal","strDescription":"Steal back one of your creatures from The Angler.","strImage":"https://steamcdn-a.akamaihd.net/steamcommunity/public/images/apps/1092790/d39ced542e2a857be2c7989e41b60749d3b721fe.jpg","bAchieved":false,"rtUnlocked":0,"flAchieved":12.699999809265137,"flMinProgress":0,"flCurrentProgress":0,"flMaxProgress":0}],"vecAchievedHidden":[],"nTotal":30,"nAchieved":0}}],["socialmedia",{"version":3,"data":[{"eType":4,"strName":"Daniel Mullins","strURL":"https://twitter.com/DMullinsGames"}]}],["associations",{"version":2,"data":{"rgDevelopers":[{"strName":"Daniel Mullins Games","strURL":"https://store.steampowered.com/developer/danielmullinsgames"}],"rgPublishers":[{"strName":"Devolver Digital","strURL":"https://store.steampowered.com/publisher/DevolverDigital"}],"rgFranchises":[{"strName":"Devolver Digital","strURL":"https://store.steampowered.com/franchise/DevolverDigital"}]}}],["releasedata",{"version":2}],["descriptions",{"version":1,"data":{"strFullDescription":"From the creator of Pony Island and The Hex comes the latest mind melting, self-destructing love letter to video games. [b]Inscryption[/b] is an inky black card-based odyssey that blends the deckbuilding roguelike, escape-room style puzzles, and psychological horror into a blood-laced smoothie. Darker still are the secrets inscrybed upon the cards...\r\n\r\n[h2]In Inscryption you will...[/h2]\r\n[list]\r\n[*] Acquire a deck of woodland creature cards by draft, surgery, and self mutilation\r\n[*] Unlock the secrets lurking behind the walls of Leshy's cabin\r\n[*] Embark on an unexpected and deeply disturbing odyssey\r\n[/list]","strSnippet":"Inscryption is an inky black card-based odyssey that blends the deckbuilding roguelike, escape-room style puzzles, and psychological horror into a blood-laced smoothie. Darker still are the secrets inscrybed upon the cards..."}}]]