[["friends",{"version":1,"data":{"your_info":{"minutes_played":5162,"minutes_played_forever":12660,"owned":true},"in_game":[],"played_recently":[],"played_ever":[],"owns":[],"in_wishlist":[]}}],["achievementmap",{"version":2,"data":"[[\"boss50\",{\"strName\":\"Boss 50 Defeated!\",\"strDescription\":\"Boss 50 Defeated!\",\"strImage\":\"https://steamcdn-a.akamaihd.net/steamcommunity/public/images/apps/1147690/5cd7390cf8009c2f4ae2482a6bc1c0a19e91feb0.jpg\",\"bAchieved\":true,\"flAchieved\":43.79999923706055}],[\"boss40\",{\"strName\":\"Boss 40 Defeated!\",\"strDescription\":\"Boss 40 Defeated!\",\"strImage\":\"https://steamcdn-a.akamaihd.net/steamcommunity/public/images/apps/1147690/d7c787d8819d9c8927b5075991ccfa2c6d5340e3.jpg\",\"bAchieved\":true,\"flAchieved\":51.599998474121094}],[\"boss30\",{\"strName\":\"Boss 30 Defeated!\",\"strDescription\":\"Boss 30 Defeated!\",\"strImage\":\"https://steamcdn-a.akamaihd.net/steamcommunity/public/images/apps/1147690/925e5f9f1a29bbe1e9c89b0998bf452412622c25.jpg\",\"bAchieved\":true,\"flAchieved\":59}],[\"bmunlocked\",{\"strName\":\"Blood Magic Unlocked!\",\"strDescription\":\"Blood Magic Unlocked!\",\"strImage\":\"https://steamcdn-a.akamaihd.net/steamcommunity/public/images/apps/1147690/067ddc0c795b564000c9910f522320f06edae3e2.jpg\",\"bAchieved\":true,\"flAchieved\":54.5}],[\"boss20\",{\"strName\":\"Boss 20 Defeated!\",\"strDescription\":\"Boss 20 Defeated!\",\"strImage\":\"https://steamcdn-a.akamaihd.net/steamcommunity/public/images/apps/1147690/e9a5b36ee50d5adeb4db3471a88b1692e4f7d201.jpg\",\"bAchieved\":true,\"flAchieved\":64.80000305175781}],[\"augsunlocked\",{\"strName\":\"Augmentation Unlocked!\",\"strDescription\":\"Unlocked the Augmentation Feature!\",\"strImage\":\"https://steamcdn-a.akamaihd.net/steamcommunity/public/images/apps/1147690/5b70af7ad7f6aadf5803da57a4a6c00e322cb986.jpg\",\"bAchieved\":true,\"flAchieved\":66.19999694824219}],[\"boss10\",{\"strName\":\"Boss 10 Defeated!\",\"strDescription\":\"Boss 10 is uh... it's defeated. You defeated it. The name basically says it all.\",\"strImage\":\"https://steamcdn-a.akamaihd.net/steamcommunity/public/images/apps/1147690/d46a5356c46a78a07182ecc102b551eb4c8f3b0d.jpg\",\"bAchieved\":true,\"flAchieved\":69.80000305175781}],[\"boss60\",{\"strName\":\"Boss 60 Defeated!\",\"strDescription\":\"Boss 60 Defeated!\",\"strImage\":\"https://steamcdn-a.akamaihd.net/steamcommunity/public/images/apps/1147690/9818fb10f47708504e675c2ff1b6d4d6526030d1.jpg\",\"bAchieved\":true,\"flAchieved\":35.099998474121094}]]"}],["usernews",{"version":2,"data":["CAIQ/JiXkAYZNRs4MgEAEAEhAAAAAAAAAAApKoMRAAAAAABCBmJvc3M1MA==","CAIQ8JaJkAYZNRs4MgEAEAEhAAAAAAAAAAApKoMRAAAAAABCBmJvc3M0MA==","CAIQ4paHkAYZNRs4MgEAEAEhAAAAAAAAAAApKoMRAAAAAABCBmJvc3MzMA==","CAIQ4paHkAYZNRs4MgEAEAEhAAAAAAAAAAApKoMRAAAAAABCCmJtdW5sb2NrZWQ=","CAIQkLP4jwYZNRs4MgEAEAEhAAAAAAAAAAApKoMRAAAAAABCBmJvc3MyMA==","CAIQ85H4jwYZNRs4MgEAEAEhAAAAAAAAAAApKoMRAAAAAABCDGF1Z3N1bmxvY2tlZA==","CAIQrtz3jwYZNRs4MgEAEAEhAAAAAAAAAAApKoMRAAAAAABCBmJvc3MxMA==","CB4Q5470jwYZNRs4MgEAEAEhAAAAAAAAAAApKoMRAAAAAAA=","CAIQ9+zskAYZNRs4MgEAEAEhAAAAAAAAAAApKoMRAAAAAABCBmJvc3M2MA=="]}],["gameactivity",{"version":3,"data":[]}],["achievements",{"version":2,"data":{"vecHighlight":[{"strID":"boss60","strName":"Boss 60 Defeated!","strDescription":"Boss 60 Defeated!","strImage":"https://steamcdn-a.akamaihd.net/steamcommunity/public/images/apps/1147690/9818fb10f47708504e675c2ff1b6d4d6526030d1.jpg","bAchieved":true,"rtUnlocked":1645950583,"flMinProgress":0,"flCurrentProgress":0,"flMaxProgress":0,"flAchieved":35.099998474121094},{"strID":"boss50","strName":"Boss 50 Defeated!","strDescription":"Boss 50 Defeated!","strImage":"https://steamcdn-a.akamaihd.net/steamcommunity/public/images/apps/1147690/5cd7390cf8009c2f4ae2482a6bc1c0a19e91feb0.jpg","bAchieved":true,"rtUnlocked":1644547196,"flMinProgress":0,"flCurrentProgress":0,"flMaxProgress":0,"flAchieved":43.79999923706055},{"strID":"boss40","strName":"Boss 40 Defeated!","strDescription":"Boss 40 Defeated!","strImage":"https://steamcdn-a.akamaihd.net/steamcommunity/public/images/apps/1147690/d7c787d8819d9c8927b5075991ccfa2c6d5340e3.jpg","bAchieved":true,"rtUnlocked":1644317552,"flMinProgress":0,"flCurrentProgress":0,"flMaxProgress":0,"flAchieved":51.599998474121094},{"strID":"boss30","strName":"Boss 30 Defeated!","strDescription":"Boss 30 Defeated!","strImage":"https://steamcdn-a.akamaihd.net/steamcommunity/public/images/apps/1147690/925e5f9f1a29bbe1e9c89b0998bf452412622c25.jpg","bAchieved":true,"rtUnlocked":1644284770,"flMinProgress":0,"flCurrentProgress":0,"flMaxProgress":0,"flAchieved":59},{"strID":"bmunlocked","strName":"Blood Magic Unlocked!","strDescription":"Blood Magic Unlocked!","strImage":"https://steamcdn-a.akamaihd.net/steamcommunity/public/images/apps/1147690/067ddc0c795b564000c9910f522320f06edae3e2.jpg","bAchieved":true,"rtUnlocked":1644284770,"flMinProgress":0,"flCurrentProgress":0,"flMaxProgress":0,"flAchieved":54.400001525878906},{"strID":"boss20","strName":"Boss 20 Defeated!","strDescription":"Boss 20 Defeated!","strImage":"https://steamcdn-a.akamaihd.net/steamcommunity/public/images/apps/1147690/e9a5b36ee50d5adeb4db3471a88b1692e4f7d201.jpg","bAchieved":true,"rtUnlocked":1644042640,"flMinProgress":0,"flCurrentProgress":0,"flMaxProgress":0,"flAchieved":64.80000305175781},{"strID":"augsunlocked","strName":"Augmentation Unlocked!","strDescription":"Unlocked the Augmentation Feature!","strImage":"https://steamcdn-a.akamaihd.net/steamcommunity/public/images/apps/1147690/5b70af7ad7f6aadf5803da57a4a6c00e322cb986.jpg","bAchieved":true,"rtUnlocked":1644038387,"flMinProgress":0,"flCurrentProgress":0,"flMaxProgress":0,"flAchieved":66.19999694824219},{"strID":"boss10","strName":"Boss 10 Defeated!","strDescription":"Boss 10 is uh... it's defeated. You defeated it. The name basically says it all.","strImage":"https://steamcdn-a.akamaihd.net/steamcommunity/public/images/apps/1147690/d46a5356c46a78a07182ecc102b551eb4c8f3b0d.jpg","bAchieved":true,"rtUnlocked":1644031534,"flMinProgress":0,"flCurrentProgress":0,"flMaxProgress":0,"flAchieved":69.80000305175781}],"vecUnachieved":[{"strID":"boss100","strName":"Boss 100 Defeated!","strDescription":"Boss 100 Defeated! Ooh, now the skull is all blue and shiny.","strImage":"https://steamcdn-a.akamaihd.net/steamcommunity/public/images/apps/1147690/1b01afe34ea9e807e460426a2efef6002286d25e.jpg","bAchieved":false,"rtUnlocked":0,"flAchieved":0,"flMinProgress":0,"flCurrentProgress":0,"flMaxProgress":0},{"strID":"boss110","strName":"Boss 110 Defeated!","strDescription":"Boss 110 Defeated!","strImage":"https://steamcdn-a.akamaihd.net/steamcommunity/public/images/apps/1147690/f28dccb36235493b77232fceb297bffadb74dbd6.jpg","bAchieved":false,"rtUnlocked":0,"flAchieved":0,"flMinProgress":0,"flCurrentProgress":0,"flMaxProgress":0},{"strID":"boss120","strName":"Boss 120 Defeated!","strDescription":"Boss 120 Defeated!","strImage":"https://steamcdn-a.akamaihd.net/steamcommunity/public/images/apps/1147690/e6dbabeefea6d9a7ce6ef482ff99d42512b2de5c.jpg","bAchieved":false,"rtUnlocked":0,"flAchieved":0,"flMinProgress":0,"flCurrentProgress":0,"flMaxProgress":0},{"strID":"boss130","strName":"Boss 130 Defeated!","strDescription":"Boss 130 Defeated!","strImage":"https://steamcdn-a.akamaihd.net/steamcommunity/public/images/apps/1147690/494ca7879f8c20d1dda62c210af61b77f40f44ba.jpg","bAchieved":false,"rtUnlocked":0,"flAchieved":0,"flMinProgress":0,"flCurrentProgress":0,"flMaxProgress":0},{"strID":"boss140","strName":"Boss 140 Defeated!","strDescription":"Boss 140 Defeated!","strImage":"https://steamcdn-a.akamaihd.net/steamcommunity/public/images/apps/1147690/bf3a58c7fb5194ad82c4a135b28c51baab757fba.jpg","bAchieved":false,"rtUnlocked":0,"flAchieved":0,"flMinProgress":0,"flCurrentProgress":0,"flMaxProgress":0},{"strID":"boss150","strName":"Boss 150 Defeated!","strDescription":"Boss 150 Defeated!","strImage":"https://steamcdn-a.akamaihd.net/steamcommunity/public/images/apps/1147690/bbb054dc37b6a74da4cc35be4bb28fff02f89d84.jpg","bAchieved":false,"rtUnlocked":0,"flAchieved":0,"flMinProgress":0,"flCurrentProgress":0,"flMaxProgress":0},{"strID":"boss160","strName":"Boss 160 Defeated!","strDescription":"Boss 160 Defeated!","strImage":"https://steamcdn-a.akamaihd.net/steamcommunity/public/images/apps/1147690/f1e63ed2f2d0181ae43f3d63376b031496fa583a.jpg","bAchieved":false,"rtUnlocked":0,"flAchieved":0,"flMinProgress":0,"flCurrentProgress":0,"flMaxProgress":0},{"strID":"boss170","strName":"Boss 170 Defeated!","strDescription":"Boss 170 Defeated!","strImage":"https://steamcdn-a.akamaihd.net/steamcommunity/public/images/apps/1147690/306e6c08d6bcf0bc2e5e26a001f9d545c255f10b.jpg","bAchieved":false,"rtUnlocked":0,"flAchieved":0,"flMinProgress":0,"flCurrentProgress":0,"flMaxProgress":0},{"strID":"boss180","strName":"Boss 180 Defeated!","strDescription":"Boss 180 Defeated!","strImage":"https://steamcdn-a.akamaihd.net/steamcommunity/public/images/apps/1147690/b2fdc6e3deb65d5b43f360bc7ea9529ea023c2bd.jpg","bAchieved":false,"rtUnlocked":0,"flAchieved":0,"flMinProgress":0,"flCurrentProgress":0,"flMaxProgress":0},{"strID":"boss190","strName":"Boss 190 Defeated!","strDescription":"Boss 190 Defeated!","strImage":"https://steamcdn-a.akamaihd.net/steamcommunity/public/images/apps/1147690/f546c059ba9629b2b68b34134df94ff981f78648.jpg","bAchieved":false,"rtUnlocked":0,"flAchieved":0,"flMinProgress":0,"flCurrentProgress":0,"flMaxProgress":0},{"strID":"boss200","strName":"Boss 200 Defeated!","strDescription":"Boss 200 Defeated! Oh snap, they have red skulls now!","strImage":"https://steamcdn-a.akamaihd.net/steamcommunity/public/images/apps/1147690/f2790d89d5d96f2a3cdf777c7e437efa68210bcf.jpg","bAchieved":false,"rtUnlocked":0,"flAchieved":0,"flMinProgress":0,"flCurrentProgress":0,"flMaxProgress":0},{"strID":"boss210","strName":"Boss 210 Defeated!","strDescription":"Boss 210 Defeated!","strImage":"https://steamcdn-a.akamaihd.net/steamcommunity/public/images/apps/1147690/d1e3ddc32ef0a8ea34e431932f348278ae19ec92.jpg","bAchieved":false,"rtUnlocked":0,"flAchieved":0,"flMinProgress":0,"flCurrentProgress":0,"flMaxProgress":0}],"vecAchievedHidden":[],"nTotal":61,"nAchieved":8}}],["socialmedia",{"version":3,"data":[]}],["associations",{"version":2,"data":{"rgDevelopers":[{"strName":"4G","strURL":null}],"rgPublishers":[{"strName":"4G","strURL":null}],"rgFranchises":[]}}],["releasedata",{"version":2}],["descriptions",{"version":1,"data":{"strFullDescription":"Everyone likes numbers that go up. Play NGU IDLE and get the exciting rush of so many numbers going up!\r\n\r\nThe #1 rated Idle Game on Kongregate is now headed its way to Steam! Experience the stupidity of NGU IDLE and get:\r\n\r\n[list][*]Regular updates! \r\n[*]An RPG and inventory system!\r\n[*]Loot over 350 hand-drawn and unique equipment, consumables, quest items, you name it!\r\n[*]Over 300 bosses, each with their own hand-drawn art!\r\n[*]A metric buttload of upgrades! Even your upgrades have upgrades! I love typing the word upgrade! UPGRADE.\r\n[*]Unfolding features the further you progress! \r\n[*]Fight weird Bosses like a flock of Canada Geese or a giant Sundae!\r\n[*]A really weird and funny story if you’re into that.\r\n[*]A mix of Idle and Active play to satisfy everyone except really grumpy people.\r\n[*]A Badly drawn Kitty!\r\n[*]Progress Bars everywhere!\r\n[*]A 9000+ member Discord to ask your newbie questions and brag about your numbers going up.\r\n[*]Premium currency you can PASSIVELY OBTAIN at a decent pace, without paying a cent. Only toss me some cash because you want to, not because you need to in order to progress.\r\n[*]A snarky, very active dev who you can personally harass on Discord if you want! (be gentle)\r\n[*]Awful Puns.[/list]","strSnippet":"NGU Idle is a Free To Play Idle game that's full of weird humor, tons of upgrades and hundreds of hours of content! Try out NGU Idle today and experience the joy of Numbers Going Up!"}}]]