[["friends",{"version":1,"data":{"your_info":{"owned":true},"in_game":[],"played_recently":[],"played_ever":[],"owns":[],"in_wishlist":[]}}],["achievementmap",{"version":2,"data":"[]"}],["usernews",{"version":2,"data":[]}],["gameactivity",{"version":3,"data":[]}],["achievements",{"version":2,"data":{"vecHighlight":[],"vecUnachieved":[{"strID":"1","strName":"2","strDescription":"","strImage":"https://steamcdn-a.akamaihd.net/steamcommunity/public/images/apps/1165860/e17b90d20dc9c4a8e4f84ed989437fd0ff9529e0.jpg","bAchieved":false,"rtUnlocked":0,"flAchieved":0,"flMinProgress":0,"flCurrentProgress":0,"flMaxProgress":0},{"strID":"10","strName":"11","strDescription":"","strImage":"https://steamcdn-a.akamaihd.net/steamcommunity/public/images/apps/1165860/3a9c28c6daf181168e617a494be18562dbef08ee.jpg","bAchieved":false,"rtUnlocked":0,"flAchieved":0,"flMinProgress":0,"flCurrentProgress":0,"flMaxProgress":0},{"strID":"11","strName":"12","strDescription":"","strImage":"https://steamcdn-a.akamaihd.net/steamcommunity/public/images/apps/1165860/a90c4f291d64a490665811c2e9713ad31a0c9151.jpg","bAchieved":false,"rtUnlocked":0,"flAchieved":0,"flMinProgress":0,"flCurrentProgress":0,"flMaxProgress":0},{"strID":"12","strName":"13","strDescription":"","strImage":"https://steamcdn-a.akamaihd.net/steamcommunity/public/images/apps/1165860/ee1cb7a8b9ffabb8f6ae31fee5ed0fb235a2edaf.jpg","bAchieved":false,"rtUnlocked":0,"flAchieved":0,"flMinProgress":0,"flCurrentProgress":0,"flMaxProgress":0},{"strID":"13","strName":"14","strDescription":"","strImage":"https://steamcdn-a.akamaihd.net/steamcommunity/public/images/apps/1165860/85116340595a3677aa5487fabcc72320958c71e5.jpg","bAchieved":false,"rtUnlocked":0,"flAchieved":0,"flMinProgress":0,"flCurrentProgress":0,"flMaxProgress":0},{"strID":"14","strName":"15","strDescription":"","strImage":"https://steamcdn-a.akamaihd.net/steamcommunity/public/images/apps/1165860/e7615b98c5a52cdedfcb41caded0e625d3432ade.jpg","bAchieved":false,"rtUnlocked":0,"flAchieved":0,"flMinProgress":0,"flCurrentProgress":0,"flMaxProgress":0},{"strID":"15","strName":"16","strDescription":"","strImage":"https://steamcdn-a.akamaihd.net/steamcommunity/public/images/apps/1165860/1d5c87629480d113cffe534fb3bb377478c83ad5.jpg","bAchieved":false,"rtUnlocked":0,"flAchieved":0,"flMinProgress":0,"flCurrentProgress":0,"flMaxProgress":0},{"strID":"16","strName":"17","strDescription":"","strImage":"https://steamcdn-a.akamaihd.net/steamcommunity/public/images/apps/1165860/4db23457238d4660e239134d67bbec085423147e.jpg","bAchieved":false,"rtUnlocked":0,"flAchieved":0,"flMinProgress":0,"flCurrentProgress":0,"flMaxProgress":0},{"strID":"17","strName":"18","strDescription":"","strImage":"https://steamcdn-a.akamaihd.net/steamcommunity/public/images/apps/1165860/a0932e27f4e84a2712a2bad49616ed3ddc975b64.jpg","bAchieved":false,"rtUnlocked":0,"flAchieved":0,"flMinProgress":0,"flCurrentProgress":0,"flMaxProgress":0},{"strID":"18","strName":"19","strDescription":"","strImage":"https://steamcdn-a.akamaihd.net/steamcommunity/public/images/apps/1165860/5c7ba8f13026c62791bf45c8bda482da3a151933.jpg","bAchieved":false,"rtUnlocked":0,"flAchieved":0,"flMinProgress":0,"flCurrentProgress":0,"flMaxProgress":0},{"strID":"19","strName":"20","strDescription":"","strImage":"https://steamcdn-a.akamaihd.net/steamcommunity/public/images/apps/1165860/990b38eb17024aa3512579f93d4974e6a20a6a2b.jpg","bAchieved":false,"rtUnlocked":0,"flAchieved":0,"flMinProgress":0,"flCurrentProgress":0,"flMaxProgress":0},{"strID":"2","strName":"3","strDescription":"","strImage":"https://steamcdn-a.akamaihd.net/steamcommunity/public/images/apps/1165860/82ce47586879938e270c3f9958f0aaeac15c9aa5.jpg","bAchieved":false,"rtUnlocked":0,"flAchieved":0,"flMinProgress":0,"flCurrentProgress":0,"flMaxProgress":0}],"vecAchievedHidden":[],"nTotal":53,"nAchieved":0}}]]