[["achievementmap",{"version":2,"data":"[[\"Its_very_spicy\",{\"strName\":\"添点佐料\",\"strDescription\":\"在农场任务中，给敌军的食物补给下毒\",\"strImage\":\"https://steamcdn-a.akamaihd.net/steamcommunity/public/images/apps/1227530/a4477dfbdc364353f93041143fa62d42954fd5c3.jpg\",\"bAchieved\":true,\"flAchieved\":52.099998474121094}]]"}],["usernews",{"version":2,"data":[]}],["gameactivity",{"version":3,"data":[]}],["achievements",{"version":2,"data":{"vecHighlight":[],"vecUnachieved":[{"strID":"E1M1","strName":"E1M1","strDescription":"Reach the partisan base","strImage":"https://steamcdn-a.akamaihd.net/steamcommunity/public/images/apps/1227530/6e1181f6c74f68f701561450f9715399684cdd43.jpg","bAchieved":false,"rtUnlocked":0,"flAchieved":68.0999984741211,"flMinProgress":0,"flCurrentProgress":0,"flMaxProgress":0},{"strID":"Grenadier","strName":"Grenadier","strDescription":"Kill 3 enemies with one hand grenade","strImage":"https://steamcdn-a.akamaihd.net/steamcommunity/public/images/apps/1227530/d35204de270e2e9835befc264ffcc8b1c6e78c83.jpg","bAchieved":false,"rtUnlocked":0,"flAchieved":66.69999694824219,"flMinProgress":0,"flCurrentProgress":0,"flMaxProgress":0},{"strID":"War_never_changes","strName":"War Never Changes","strDescription":"Kill 100 enemies","strImage":"https://steamcdn-a.akamaihd.net/steamcommunity/public/images/apps/1227530/86e66bbef7d7f9c6897e2178334cd54fa37ec914.jpg","bAchieved":false,"rtUnlocked":0,"flAchieved":60.79999923706055,"flMinProgress":0,"flCurrentProgress":0,"flMaxProgress":100},{"strID":"MoskitoBite","strName":"Mosquito bite ","strDescription":"Blow up the tank during the first mission","strImage":"https://steamcdn-a.akamaihd.net/steamcommunity/public/images/apps/1227530/b026d9306cfc31fad3657b0382472564c6026a43.jpg","bAchieved":false,"rtUnlocked":0,"flAchieved":59.5,"flMinProgress":0,"flCurrentProgress":0,"flMaxProgress":0},{"strID":"Heroes_never_die","strName":"Heroes Never Die","strDescription":"Revive a partisan","strImage":"https://steamcdn-a.akamaihd.net/steamcommunity/public/images/apps/1227530/850fc9c43e46e168310cb657a5bf038b2de9429c.jpg","bAchieved":false,"rtUnlocked":0,"flAchieved":58.400001525878906,"flMinProgress":0,"flCurrentProgress":0,"flMaxProgress":0},{"strID":"Its_very_spicy","strName":"Spice It Up","strDescription":"Poison the provisions heading out to the front lines during the Secret ingredient mission","strImage":"https://steamcdn-a.akamaihd.net/steamcommunity/public/images/apps/1227530/707282dc2e931ba2f4773941ff35182eca8d535c.jpg","bAchieved":false,"rtUnlocked":0,"flAchieved":53.099998474121094,"flMinProgress":0,"flCurrentProgress":0,"flMaxProgress":0},{"strID":"Agent_47","strName":"Agent 47","strDescription":"Kill 3 enemies using environmetal objects","strImage":"https://steamcdn-a.akamaihd.net/steamcommunity/public/images/apps/1227530/46672870da878f2e993cebbb5bbea5bc62211ee6.jpg","bAchieved":false,"rtUnlocked":0,"flAchieved":45.20000076293945,"flMinProgress":0,"flCurrentProgress":0,"flMaxProgress":0},{"strID":"Miner","strName":"Bomberman","strDescription":"Kill 3 enemies with one landmine","strImage":"https://steamcdn-a.akamaihd.net/steamcommunity/public/images/apps/1227530/11dd66406f773a7961484d1069486715f84650da.jpg","bAchieved":false,"rtUnlocked":0,"flAchieved":35.5,"flMinProgress":0,"flCurrentProgress":0,"flMaxProgress":0},{"strID":"Death_to_the_dictator","strName":"Death to the Oppressor!","strDescription":"Stab Biermeier in the back without being found","strImage":"https://steamcdn-a.akamaihd.net/steamcommunity/public/images/apps/1227530/cc0a51291a4d1625fa9e96f7600e345d844f1741.jpg","bAchieved":false,"rtUnlocked":0,"flAchieved":29.5,"flMinProgress":0,"flCurrentProgress":0,"flMaxProgress":0},{"strID":"Boy","strName":"You're Gonna Go Far, Kid","strDescription":"Take Sanek on 5 missions","strImage":"https://steamcdn-a.akamaihd.net/steamcommunity/public/images/apps/1227530/6f39bd0d1b8bb1b1566481d2b29477b195d1111e.jpg","bAchieved":false,"rtUnlocked":0,"flAchieved":25.5,"flMinProgress":0,"flCurrentProgress":0,"flMaxProgress":5},{"strID":"Your_turn","strName":"Your Answer","strDescription":"Kill 2 enemies during a single use of Fan fire skill","strImage":"https://steamcdn-a.akamaihd.net/steamcommunity/public/images/apps/1227530/8960a98ff1166d151ca0925681ef5c53adc23022.jpg","bAchieved":false,"rtUnlocked":0,"flAchieved":22.100000381469727,"flMinProgress":0,"flCurrentProgress":0,"flMaxProgress":0},{"strID":"Everyone_is_here","strName":"The Gang's All Here","strDescription":"Recruit every partisan to your cause","strImage":"https://steamcdn-a.akamaihd.net/steamcommunity/public/images/apps/1227530/2818474b33c952ff65cd62fbedab309fcfdff374.jpg","bAchieved":false,"rtUnlocked":0,"flAchieved":20.600000381469727,"flMinProgress":0,"flCurrentProgress":0,"flMaxProgress":0}],"vecAchievedHidden":[],"nTotal":31,"nAchieved":0}}],["friends",{"version":1,"data":{"in_game":[],"played_recently":[],"played_ever":[{"steamid":"76561198991003290","minutes_played_forever":244}],"owns":[],"in_wishlist":[]}}],["socialmedia",{"version":3,"data":[{"eType":4,"strName":"Alter Games","strURL":"https://twitter.com/PartisansGame"},{"eType":6,"strName":"Partisans 1941","strURL":"https://www.youtube.com/partisans1941/"}]}],["associations",{"version":2,"data":{"rgDevelopers":[{"strName":"Alter Games","strURL":null}],"rgPublishers":[{"strName":"Daedalic Entertainment","strURL":"https://store.steampowered.com/publisher/daedalic"}],"rgFranchises":[{"strName":"Daedalic Entertainment","strURL":"https://store.steampowered.com/franchise/daedalic"}]}}],["releasedata",{"version":2}],["descriptions",{"version":1,"data":{"strFullDescription":"潜行战术类型的新玩法：Partisans 1941融合了潜行、行动、资源管理和基地建造元素。\r\n\r\n[img]https://media.st.dl.pinyuncloud.com/steam/apps/1227530/extras/Combat.gif?t=1637942376[/img]\r\n\r\n在二战期间，掌管抵抗德国占领的一组苏联游击队。自主计划和发起战斗。利用战术停顿，研究环境，然后选择最佳位置发起伏击。\r\n\r\n在树林深处秘密建造抵抗营地，然后寻找盟友与你并肩作战。组建多支独特的游击队，承担不同任务，削弱敌人火力和基础设施，同时获得迫切需要的资源来维持抵抗。\r\n\r\n体验二战独特的戏剧性背景，成为敌后战线的红军指挥官。\r\n\r\n[img]https://media.st.dl.pinyuncloud.com/steam/apps/1227530/extras/Customize_your_Squad.gif?t=1637942376[/img]\r\n\r\n[h2]特色[/h2]\r\n\r\n[list][*][b]潜行战术类型的全新玩法。[/b]实时战术的新玩法，结合战斗、潜行、伏击和各种特殊物品，为敌人队伍制造骚乱。任意选择完成各项任务的方式。\r\n[*][b]带领一支游击队。[/b]自主组建和升级游击队。利用角色优势，寻找适合不同情况的解决方案。寻找并招募新的抵抗者。\r\n[*][b]体验抵抗组织的生活。[/b]在不同任务之间转换，见证游击队的日常生活，扩大基地，准备后续部署，确保拥有游击队生存所需的资源。保持部队积极性。探索附近地区，发起遭遇战寻找敌人弱点，然后伺机袭击敌人。\r\n[*][b]从不同角度了解二战。[/b]体验苏联奋勇抵抗德军在东部前线上残酷占领的故事。了解包括军队和普通民众在内的各类人群加入游击队的经历和动机。[/list]\r\n\r\n[h2]背景和故事[/h2]\r\n\r\n你是逃离纳粹集中营的红军指挥官阿列克谢·佐林。召集敌后战线遗留士兵和本地居民，组成一支游击队。和队员并肩作战，执行小型破坏任务，直至攻击占领军。在红军参谋部发起，区域全体游击队执行的行动中发挥主导作用：袭击德军前线的补给线，为列宁格勒保卫者争取更多时间来准备抵抗德军的进攻。\r\n\r\n[img]https://media.st.dl.pinyuncloud.com/steam/apps/1227530/extras/Partisans_Funkenregen.gif?t=1637942376[/img]","strSnippet":"Partisans 1941是一款包含潜行元素的实时战术游戏，背景设定在二战的东部前线。你作为敌后战线红军指挥官，要召集一组游击队，向德军占领者发动游击战。"}}]]