[["achievementmap",{"version":2,"data":"[[\"Achievement_GOSCC_8\",{\"strName\":\"Enemy Attrition\",\"strDescription\":\"In Multiplayer, get 10 kills in a round\",\"strImage\":\"https://steamcdn-a.akamaihd.net/steamcommunity/public/images/apps/1238810/9a83eb3a13dca0fbd6a1848d0102fd873a6a65fb.jpg\",\"bAchieved\":true,\"flAchieved\":53}],[\"Achievement_GOSCC_20\",{\"strName\":\"Last Man Standing\",\"strDescription\":\"In Multiplayer, have 3 squad members spawn on you\",\"strImage\":\"https://steamcdn-a.akamaihd.net/steamcommunity/public/images/apps/1238810/82e7901af9754909890b5f4d3f074bceca590547.jpg\",\"bAchieved\":true,\"flAchieved\":70.69999694824219}]]"}],["usernews",{"version":2,"data":["CAIQspDsjAYZms5vPQEAEAEhAAAAAAAAAAApGucSAAAAAABCE0FjaGlldmVtZW50X0dPU0NDXzhCFEFjaGlldmVtZW50X0dPU0NDXzIw"]}],["gameactivity",{"version":3,"data":[]}],["achievements",{"version":2,"data":{"vecHighlight":[],"vecUnachieved":[],"vecAchievedHidden":[],"nTotal":0,"nAchieved":0}}],["socialmedia",{"version":3,"data":[]}],["associations",{"version":2,"data":{"rgDevelopers":[{"strName":"DICE","strURL":"https://store.steampowered.com/developer/EA"}],"rgPublishers":[{"strName":"Electronic Arts","strURL":"https://store.steampowered.com/publisher/EA"}],"rgFranchises":[{"strName":"Battlefield","strURL":"https://store.steampowered.com/franchise/Battlefield"}]}}],["releasedata",{"version":2}],["descriptions",{"version":1,"data":{"strFullDescription":"[img]https://media.st.dl.pinyuncloud.com/steam/apps/1238810/extras/BFV_Definitive_Edition_Beautyshot_zh-SC.png?t=1629830833[/img]\r\n这就是终极《战地风云 5》体验。用已解锁的全部游戏内容从海陆空体验人类历史上规模最大的冲突。从完整的武器、载具和配备武器库中做出选择，沉浸于激烈的第二次世界大战。用完整的精英阵容以及第 1 年和第 2 年最棒的自定义内容在战场上脱颖而出。\r\n\r\n《战地风云 5》决定版包含《战地风云 5》主游戏和最齐全的内容收录：\r\n[list][*]自发行以来、第 1 年和第 2 年的所有游戏内容（武器、载具和配备）\r\n[*]所有精英\r\n[*]84 款极具带入感的英军和德军服装，提升二战沙盒游戏体验\r\n[*]8 款第 2 年中的士兵服装\r\n[*]2 款第 2 年中的武器皮肤，分别适用于 10 款 和 4 款武器\r\n[*]3 款载具装饰\r\n[*]33 件第 1 年中的章节奖励物品。\r\n[/list]","strSnippet":"这就是终极《战地风云 5》体验。用完整的武器、载具和配备武器库以及第 1 年和第 2 年最棒的自定义内容体验人类历史上规模最大的冲突。"}}],["friends",{"version":1,"data":{"your_info":{"owned":true},"in_game":[],"played_recently":[],"played_ever":[{"steamid":"76561198991003290","minutes_played_forever":211}],"owns":[],"in_wishlist":[]}}]]