[["achievementmap",{"version":2,"data":"[]"}],["usernews",{"version":2,"data":[]}],["gameactivity",{"version":3,"data":[]}],["friends",{"version":1,"data":{"your_info":{"owned":true},"in_game":[],"played_recently":[],"played_ever":[],"owns":[],"in_wishlist":[]}}],["achievements",{"version":2,"data":{"vecHighlight":[],"vecUnachieved":[{"strID":"Attempt to throw something in Overcooked!","strName":"回想过去的日子……","strDescription":"尝试在《Overcooked!》投掷物品","strImage":"https://steamcdn-a.akamaihd.net/steamcommunity/public/images/apps/1243830/3ea2b490ea4a16ee9a62319baa0e76b3c343361b.jpg","bAchieved":false,"rtUnlocked":0,"flAchieved":0,"flMinProgress":0,"flCurrentProgress":0,"flMaxProgress":0},{"strID":"Complete 'X' tickets in under 'X' seconds","strName":"速食","strDescription":"在经典模式用30秒内完成5张票","strImage":"https://steamcdn-a.akamaihd.net/steamcommunity/public/images/apps/1243830/8f023512a1f4ae47d9bc5c4c1f0518e3aaffe220.jpg","bAchieved":false,"rtUnlocked":0,"flAchieved":0,"flMinProgress":0,"flCurrentProgress":0,"flMaxProgress":0},{"strID":"Complete a kitchen in Low Orbit","strName":"世界之外","strDescription":"在宇宙食堂完成挑战","strImage":"https://steamcdn-a.akamaihd.net/steamcommunity/public/images/apps/1243830/ca6ccc20ba7c396a8ad44604a63a096990921310.jpg","bAchieved":false,"rtUnlocked":0,"flAchieved":0,"flMinProgress":0,"flCurrentProgress":0,"flMaxProgress":0},{"strID":"Complete a kitchen in the Haunted House","strName":"厨房恶梦","strDescription":"在大口吃大廈完成挑战","strImage":"https://steamcdn-a.akamaihd.net/steamcommunity/public/images/apps/1243830/83e27b99843df188c72c30cb759a5f4096c9f270.jpg","bAchieved":false,"rtUnlocked":0,"flAchieved":0,"flMinProgress":0,"flCurrentProgress":0,"flMaxProgress":0},{"strID":"Complete a kitchen in the Mines","strName":"莓完莓了","strDescription":"在矿坑中完成挑战","strImage":"https://steamcdn-a.akamaihd.net/steamcommunity/public/images/apps/1243830/5d4f4946a02e962547c6ffdffc927f4b7246e39d.jpg","bAchieved":false,"rtUnlocked":0,"flAchieved":0,"flMinProgress":0,"flCurrentProgress":0,"flMaxProgress":0},{"strID":"Complete a kitchen on a Balloon","strName":"砰！","strDescription":"在气球上完成挑战","strImage":"https://steamcdn-a.akamaihd.net/steamcommunity/public/images/apps/1243830/6ecd3a3d84ab29c725f35647d05769f5a35cfa1b.jpg","bAchieved":false,"rtUnlocked":0,"flAchieved":0,"flMinProgress":0,"flCurrentProgress":0,"flMaxProgress":0},{"strID":"Complete a level by doing the recipes in order","strName":"发条厨房","strDescription":"在经典模式打通一个关卡并按照顺序完成所有菜谱","strImage":"https://steamcdn-a.akamaihd.net/steamcommunity/public/images/apps/1243830/1a77d6bfb5e960c5f168259767a83f66e71a1ad4.jpg","bAchieved":false,"rtUnlocked":0,"flAchieved":0,"flMinProgress":0,"flCurrentProgress":0,"flMaxProgress":0},{"strID":"Complete an Extra Trimming world","strName":"你喜欢薯条配上那东西吗？","strDescription":"完成配菜世界的挑战","strImage":"https://steamcdn-a.akamaihd.net/steamcommunity/public/images/apps/1243830/9f16461fa4b7018a0d68aa09d117b577895f63c0.jpg","bAchieved":false,"rtUnlocked":0,"flAchieved":0,"flMinProgress":0,"flCurrentProgress":0,"flMaxProgress":0},{"strID":"Complete Overcooked! 2 and save the Onion Kingdom... again","strName":"僵尸面包","strDescription":"完成《Overcooked! 2》关卡并拯救洋葱王国！","strImage":"https://steamcdn-a.akamaihd.net/steamcommunity/public/images/apps/1243830/7f916919bfe3cb28fb74fd24ed3f9d112fbac1a7.jpg","bAchieved":false,"rtUnlocked":0,"flAchieved":0,"flMinProgress":0,"flCurrentProgress":0,"flMaxProgress":0},{"strID":"Complete Overcooked! and Overcooked! 2 tutorials","strName":"从生菜开始","strDescription":"完成《Overcooked!》和《Overcooked! 2》的教程关卡","strImage":"https://steamcdn-a.akamaihd.net/steamcommunity/public/images/apps/1243830/c7239b01c9f92750e193f8b96eb60bb18df7dd42.jpg","bAchieved":false,"rtUnlocked":0,"flAchieved":0,"flMinProgress":0,"flCurrentProgress":0,"flMaxProgress":0},{"strID":"Complete Overcooked! and save the Onion Kingdom","strName":"百里香英雄","strDescription":"完成《Overcooked!》关卡并拯救洋葱王国！","strImage":"https://steamcdn-a.akamaihd.net/steamcommunity/public/images/apps/1243830/2ae966495ce917fad55dca83a34eaf2187af2256.jpg","bAchieved":false,"rtUnlocked":0,"flAchieved":0,"flMinProgress":0,"flCurrentProgress":0,"flMaxProgress":0},{"strID":"Complete the Bagel DLC","strName":"吃到饱","strDescription":"完成《The Ever Peckish Rises》水平！","strImage":"https://steamcdn-a.akamaihd.net/steamcommunity/public/images/apps/1243830/0b157329517592d87eaf6a9c682be53baffd7a0f.jpg","bAchieved":false,"rtUnlocked":0,"flAchieved":0,"flMinProgress":0,"flCurrentProgress":0,"flMaxProgress":0}],"vecAchievedHidden":[],"nTotal":42,"nAchieved":0}}]]