[["achievementmap",{"version":2,"data":"[]"}],["usernews",{"version":2,"data":["COoHEInpgo8GGcqgUgIAAHABISkaagYBABABKV4YFgAAAAAAURxJKrp7ADIrYPPTgo8G","COoHELf43Y4GGcqgUgIAAHABISkaagYBABABKV4YFgAAAAAAUVuAZtj8/zErYJfy3Y4G"]}],["gameactivity",{"version":3,"data":[]}],["friends",{"version":1,"data":{"your_info":{"owned":true},"in_game":[],"played_recently":[],"played_ever":[],"owns":[],"in_wishlist":[]}}],["achievements",{"version":2,"data":{"vecHighlight":[],"vecUnachieved":[{"strID":"JUGGLE_A_BALL","strName":"You Know Your Sport","strDescription":"Juggle a ball 20 times in a row","strImage":"https://steamcdn-a.akamaihd.net/steamcommunity/public/images/apps/1448030/0bc1c283c652cde28eacb57c86ccfbf115305f20.jpg","bAchieved":false,"rtUnlocked":0,"flAchieved":0,"flMinProgress":0,"flCurrentProgress":0,"flMaxProgress":0},{"strID":"QUITE_AN_ACHIEVEMENT","strName":"It's Quite an Achievement!","strDescription":"Find something I had no intention to hide","strImage":"https://steamcdn-a.akamaihd.net/steamcommunity/public/images/apps/1448030/b82a728b5b7d4ed4574c44c9712ef297de77c326.jpg","bAchieved":false,"rtUnlocked":0,"flAchieved":0,"flMinProgress":0,"flCurrentProgress":0,"flMaxProgress":0},{"strID":"THANK_YOU","strName":"Thank You for Playing With Me","strDescription":"Complete my game","strImage":"https://steamcdn-a.akamaihd.net/steamcommunity/public/images/apps/1448030/7e929f6631e326ecaffb6903de64a3612692577a.jpg","bAchieved":false,"rtUnlocked":0,"flAchieved":0,"flMinProgress":0,"flCurrentProgress":0,"flMaxProgress":0},{"strID":"TWO_LIVES","strName":"You've Been Challenged Enough","strDescription":"Go through all challenges, having 2 lives only","strImage":"https://steamcdn-a.akamaihd.net/steamcommunity/public/images/apps/1448030/69aaf6bd0d3029989eb7f5234d0c246e31775c62.jpg","bAchieved":false,"rtUnlocked":0,"flAchieved":0,"flMinProgress":0,"flCurrentProgress":0,"flMaxProgress":0}],"vecAchievedHidden":[],"nTotal":5,"nAchieved":0}}]]