[["achievements",{"version":2,"data":{"vecHighlight":[],"vecUnachieved":[],"vecAchievedHidden":[],"nTotal":0,"nAchieved":0}}],["achievementmap",{"version":2,"data":"[]"}],["usernews",{"version":2,"data":["CAMQkLXQjQYZNRs4MgEAEAEhAAAAAAAAAAApAAAAAAAAAAAwxQc="]}],["gameactivity",{"version":3,"data":[]}],["socialmedia",{"version":3,"data":[]}],["associations",{"version":2,"data":{"rgDevelopers":[{"strName":"Ubisoft Montreal","strURL":"https://store.steampowered.com/developer/ubisoft"}],"rgPublishers":[{"strName":"Ubisoft","strURL":"https://store.steampowered.com/publisher/ubisoft"}],"rgFranchises":[{"strName":"Far Cry","strURL":"https://store.steampowered.com/franchise/FarCry"}]}}],["releasedata",{"version":2}],["descriptions",{"version":1,"data":{"strFullDescription":"You are a gun for hire, trapped in a war-torn African state, stricken with malaria and forced to make deals with corrupt warlords on both sides of the conflict in order to make this country your home.\r\n\t\t\t\t\tYou must identify and exploit your enemies' weaknesses, neutralizing their superior numbers and firepower with surprise, subversion, cunning and of course brute force.\r\n\t\t\t\t\t[list][*][b]Fire[/b]  Feel the heat of the most realistic fire ever seen in a video game! Use wind and propagation to surround and trap your enemies. Grab your Molotov cocktails or flamethrowers to take out your enemies.\r\n\t\t\t\t\t[*][b]Destructible environment[/b]  No more obstacles: Everything is breakable and alterable, even in Multiplayer mode. The DUNIA engine's RealTree technology also delivers the most realistic nature deterioration system ever.\r\n\t\t\t\t\t[*][b]Open world[/b]  Experience real freedom while roaming in more than 50km2 without any loading. Choose your own path in this vast environment and explore a living African world.\r\n\t\t\t\t\t[*][b]A huge adventure[/b]  Fight for two rival factions, and make your way up to your primary target by any means necessary. Take on over 70 side missions to earn valuable information, new weapons and vehicles.\r\n\t\t\t\t\t[*][b]Non-scripted artificial intelligence[/b]  Medics will drag wounded soldiers to safety. Grunts will come to fear you. Your reputation and in-game actions will make enemies drop their guns and run for their lives. Feel the tension of never knowing just how an enemy will react.\r\n\t\t\t\t\t[*][b]MULTIPLAYER[/b]  Challenge your friends but watch your backyou never know who your true friends are and who might betray you! All the single player technical features are also present in multiplayer mode.[/list]Far Cry 2: Fortune's Edition contains the full Far Cry 2 game, including all previously released patches and the Far Cry 2 Fortunes DLC with additional content listed below. \r\n\r\nSingle player additional content:\r\n[list][*][b]Three brand-new weapons:[/b] Silenced shotgun, Sawed-off shotgun, Crossbow\r\n[*][b]Two new vehicles:[/b] Unimog, Quad\r\n[/list]Multiplayer additional content:\r\n[list][*][b]Additional weapons and four new exciting maps:[/b] Cheap Labor, Last Resort, Lake Smear, Fort Fury\r\n[/list]","strSnippet":"You are a gun for hire, trapped in a war-torn African state, stricken with malaria and forced to make deals with corrupt warlords on both sides of the conflict in order to make this country your home. You must identify and exploit your enemies' weaknesses, neutralizing their superior numbers and firepower with surprise, subversion,..."}}]]