[["socialmedia",{"version":3,"data":[]}],["associations",{"version":2,"data":{"rgDevelopers":[{"strName":"Obsidian Entertainment","strURL":"https://store.steampowered.com/developer/obsidian"}],"rgPublishers":[{"strName":"Bethesda Softworks","strURL":"https://store.steampowered.com/publisher/bethesda"}],"rgFranchises":[{"strName":"Fallout","strURL":"https://store.steampowered.com/curator/35501442"}]}}],["releasedata",{"version":2}],["descriptions",{"version":1,"data":{"strFullDescription":"Welcome to Vegas. New Vegas.\r\n\t\t\t\t\tIt’s the kind of town where you dig your own grave prior to being shot in the head and left for dead…and that’s before things really get ugly. It’s a town of dreamers and desperados being torn apart by warring factions vying for complete control of this desert oasis. It’s a place where the right kind of person with the right kind of weaponry can really make a name for themselves, and make more than an enemy or two along the way.\r\n\t\t\t\t\tAs you battle your way across the heat-blasted Mojave Wasteland, the colossal Hoover Dam, and the neon drenched Vegas Strip, you’ll be introduced to a colorful cast of characters, power-hungry factions, special weapons, mutated creatures and much more. Choose sides in the upcoming war or declare “winner takes all” and crown yourself the King of New Vegas in this follow-up to the 2008 videogame of the year, Fallout 3.\r\n\t\t\t\t\tEnjoy your stay.\r\n[h2]Key Features[/h2]\r\n\t\t\t\t\t[b]Feel the Heat in New Vegas![/b] Not even nuclear fallout could slow the hustle of Sin City. Explore the vast expanses of the desert wastelands – from the small towns dotting the Mojave Wasteland to the bright lights of the New Vegas strip. See the Great Southwest as could only be imagined in Fallout.\r\n\t\t\t\t\t[b]Feuding Factions, Colorful Characters and a Host of Hostiles![/b] A war is brewing between rival factions with consequences that will change the lives of all the inhabitants of New Vegas. The choices you make will bring you into contact with countless characters, creatures, allies, and foes, and determine the final explosive outcome of this epic power struggle.\r\n\t\t\t\t\t[b]New Systems![/b] Enjoy new additions to [b]Fallout: New Vegas[/b] such as a Companion Wheel that streamlines directing your companions, a Reputation System that tracks the consequences of your actions, and the aptly titled Hardcore Mode to separate the meek from the mighty. Special melee combat moves have been added to bring new meaning to the phrase “up close and personal”.  Use V.A.T.S. to pause time in combat, target specific enemy body parts and queue up attacks, or get right to the action using the finely-tuned real-time combat mechanics.\r\n\t\t\t\t\t[b]An Arsenal of Shiny New Guns![/b] With double the amount of weapons found in Fallout 3, you’ll have more than enough new and exciting ways to deal with the threats of the wasteland and the locals. In addition, Vault-Tec engineers have devised a new weapons configuration system that lets you tinker with your toys and see the modifications you make in real time.\r\n\t\t\t\t\t[b]Let it Ride![/b] In a huge, open world with unlimited options you can see the sights, choose sides, or go it alone. Peacemaker or Hard Case, House Rules, or the Wild Card - it’s all in how you play the game.","strSnippet":"Welcome to Vegas. New Vegas. Enjoy your stay!"}}],["achievementmap",{"version":2,"data":"[]"}],["usernews",{"version":2,"data":["CAMQlqzLiwYZNRs4MgEAEAEhAAAAAAAAAAApAAAAAAAAAAAw+2g="]}],["gameactivity",{"version":3,"data":[]}],["friends",{"version":1,"data":{"your_info":{"owned":true},"in_game":[],"played_recently":[],"played_ever":[],"owns":[],"in_wishlist":[]}}]]