[["socialmedia",{"version":3,"data":[]}],["associations",{"version":2,"data":{"rgDevelopers":[{"strName":"Ubisoft Montreal","strURL":"https://store.steampowered.com/developer/ubisoft"}],"rgPublishers":[{"strName":"Ubisoft","strURL":"https://store.steampowered.com/publisher/ubisoft"}],"rgFranchises":[]}}],["releasedata",{"version":2}],["descriptions",{"version":1,"data":{"strFullDescription":"2007年，未来。你是雷克斯柯尔特中士，隶属Mark IV生化突击队。2007年，地球早已被90年代爆发的核战争蹂躏得满目疮痍。东西方之间的冲突已经持续了好几个世代，十年灾难之后的人类依旧在艰难地生存发展。寻找通往和平的新途径势在必行，而美国的生化军队可能已经找到了答案：一件位于遥远岛屿的生物武器。你的任务就是搜集信息然后搞清楚这一切到底是怎么一回事。\r\n\r\n游戏特色\r\n\r\n超强的生化射手：现在只有一股力量才能阻止这些狂暴的生化杀手，科学怪人，金属鲨鱼，甚至有能从双眼发射激光的凶残嗜血巨龙，而你就是这股力量。你就是雷克斯超利骇柯尔特中士，隶属Mark IV生化突击队，带上你最喜欢的七种高度自定义的强力武器在这个充满怪物的岛屿上大开杀戒吧。你可以用忍者镖，枪械甚至老式炸药等武器来击杀敌人，神挡杀神，佛挡杀佛。\r\n\r\n杀坏人，救女主，保世界：你是雷克斯柯尔特中士，一半肉体，一半机械，还有一颗美国心。你要作为Mark IV生化突击队的精英执行任务…一个复仇任务。你要不惜一切代价打倒你的前任指挥官以及他麾下杀人不眨眼的生化杀手们。\r\n\r\n经典复古的VHS时代风格：好莱坞动作巨星迈克尔·比恩（出演过《终结者》，《异形》，《深渊》），在这个充满未来生化人和变种人的80年代风格科幻作品中回归了。关掉VCR，接上游戏机，准备好感受《孤岛惊魂3：血龙》带来的超立体全身心的刺激体验吧。","strSnippet":"2007年，未来。你是雷克斯柯尔特中士，隶属Mark IV生化突击队。2007年，地球早已被90年代爆发的核战争蹂躏得满目疮痍。东西方之间的冲突已经持续了好几个世代，十年灾难之后的人类依旧在艰难地生存发展。寻找通往和平的新途径势在必行，而美国的生化军队可能已经找到了答案：一件位于遥远岛屿的生物武器。你的任务就是搜集信息然后搞清楚这一切到底是怎么一回事。 游戏特色 超强的生化射手：现在只有一股力量才能阻止这些狂暴的生化杀手，科学怪人，金属鲨鱼，甚至有能从双眼发射激光的凶残嗜血巨龙，而你就是这股力量。你就是雷克斯超利骇柯尔特中士，隶属Mark IV生化突击队，带上你最喜欢的七种高度自定义的强力武器在这个充满怪物的岛屿上大开杀戒吧。"}}],["achievements",{"version":2,"data":{"vecHighlight":[],"vecUnachieved":[],"vecAchievedHidden":[],"nTotal":0,"nAchieved":0}}],["achievementmap",{"version":2,"data":"[]"}],["usernews",{"version":2,"data":["CAMQkLXQjQYZNRs4MgEAEAEhAAAAAAAAAAApAAAAAAAAAAAwh9YB","COoHEP/alI0GGXwuRwAAAHABIUx6yQ8BABABKTaPAwAAAAAAUbPXIK9x/EUrYPS+lI0G"]}],["gameactivity",{"version":3,"data":[]}],["friends",{"version":1,"data":{"your_info":{"owned":true},"in_game":[],"played_recently":[],"played_ever":[],"owns":[],"in_wishlist":[]}}]]