[["achievementmap",{"version":2,"data":"[]"}],["usernews",{"version":2,"data":["COoHEMrEx40GGT75bQAAAHABIeoWWgsBABABKWSrBAAAAAAAUYnt+hmu/TkrYPW9x40G","CB4QmeiVjQYZNRs4MgEAEAEhAAAAAAAAAAApZKsEAAAAAAA=","CAMQuKyNjQYZNRs4MgEAEAEhAAAAAAAAAAApAAAAAAAAAAAw5eIC","COoHEKSgyosGGT75bQAAAHABIeoWWgsBABABKWSrBAAAAAAAUcqMYoCa+K0pYNqOyosG"]}],["gameactivity",{"version":3,"data":[]}],["socialmedia",{"version":3,"data":[{"eType":4,"strName":"Ninja Kiwi Games","strURL":"https://twitter.com/ninjakiwigames"},{"eType":6,"strName":"Ninja Kiwi","strURL":"https://www.youtube.com/ninjakiwigames/"}]}],["associations",{"version":2,"data":{"rgDevelopers":[{"strName":"Ninja Kiwi","strURL":"https://store.steampowered.com/developer/ninjakiwigames"}],"rgPublishers":[{"strName":"Ninja Kiwi","strURL":"https://store.steampowered.com/publisher/ninjakiwigames"}],"rgFranchises":[]}}],["releasedata",{"version":2}],["descriptions",{"version":1,"data":{"strFullDescription":"Five-star tower defense with unrivaled depth and replayability. \r\n\r\nThe Bloons are back in full HD glory and this time they mean business! Build awesome towers, choose your favorite upgrades, hire cool new Special Agents, and pop every last invading Bloon in the best ever version of the most popular tower defense series in history. \r\n\r\nFeaturing an all New Tower and Special Agent, glorious HD graphics, original Tracks and Special Missions, a whole new tier of Specialty Building upgrades, and a never-before-seen Monkey Lab to upgrade your towers, Bloons TD 5 delivers hours of fun and challenging play to fans and new players alike. \r\n\r\n“Nations need to brace themselves for a complete loss of productivity” \r\n- Jayisgames, 4.7/5.0 \r\n\r\nMore Awesomer New Features: \r\n- Cool new towers – Heli Pilot, Bloonchipper, Engineer\r\n- Exclusive new Special Agent – Radadactyl \r\n- All new Monkey Lab – researches unique abilities and tower upgrades \r\n- Specialty Building Tier 4 Upgrades \r\n- Exclusive tracks \r\n\r\nHours and Hours of Awesome Gameplay: \r\n- 21 powerful towers with Activated Abilities and 2 upgrade paths \r\n- 10 Special Agents \r\n- 40+ Tracks (plus their Reverse versions!) \r\n- 10 Special Missions \r\n- 250+ Random Missions \r\n- New Bloon enemies - tougher Camos, Regrower Bloons, and the fearsome ZOMG \r\n- 50+ Steam Achievements  \r\n- Steam Cloud Support \r\n- 3 different game modes \r\n- Freeplay mode after mastering a track \r\n- 3 difficulty settings and family-friendly theme so anyone can play \r\n\r\nAnd that's just the beginning - heaps of planned updates will keep Bloons TD 5 HD fresh, fun, and challenging for many months to come. Now it's time to pop some Bloons! \r\n\r\nRemember to save to the Steam Cloud after each victory to save your progress.","strSnippet":"Five-star tower defense with unrivaled depth and replayability. The Bloons are back in full HD glory and this time they mean business! Build awesome towers, choose your favorite upgrades, hire cool new Special Agents, and pop every last invading Bloon in the best ever version of the most popular tower defense series in history."}}]]