[["achievements",{"version":2,"data":{"vecHighlight":[],"vecUnachieved":[{"strID":"NEW_ACHIEVEMENT_1_0","strName":"First time running the game.","strDescription":"Welcome to NekoPara!","strImage":"https://steamcdn-a.akamaihd.net/steamcommunity/public/images/apps/333600/49b947c0dd972ba4e7e3a5df5afe3836f7bdeb43.jpg","bAchieved":false,"rtUnlocked":0,"flAchieved":91,"flMinProgress":0,"flCurrentProgress":0,"flMaxProgress":0},{"strID":"NEW_ACHIEVEMENT_1_12","strName":"Play it in English!","strDescription":"Try playing it in English!","strImage":"https://steamcdn-a.akamaihd.net/steamcommunity/public/images/apps/333600/20ba048558f6522e23b5b8aeb5a0cfdccba78d45.jpg","bAchieved":false,"rtUnlocked":0,"flAchieved":71.30000305175781,"flMinProgress":0,"flCurrentProgress":0,"flMaxProgress":0},{"strID":"NEW_ACHIEVEMENT_1_1","strName":"Opening","strDescription":"Clear Chapter 1","strImage":"https://steamcdn-a.akamaihd.net/steamcommunity/public/images/apps/333600/1fda507b664d5c505bafefa52f350c09aed9abc4.jpg","bAchieved":false,"rtUnlocked":0,"flAchieved":71.0999984741211,"flMinProgress":0,"flCurrentProgress":0,"flMaxProgress":0},{"strID":"NEW_ACHIEVEMENT_1_2","strName":"Preparing to Open","strDescription":"Clear Chapter 2","strImage":"https://steamcdn-a.akamaihd.net/steamcommunity/public/images/apps/333600/07cdef3c95430cd62d9a7086a624f122af811342.jpg","bAchieved":false,"rtUnlocked":0,"flAchieved":65.30000305175781,"flMinProgress":0,"flCurrentProgress":0,"flMaxProgress":0},{"strID":"NEW_ACHIEVEMENT_1_3","strName":"La Soleil, Open for Business!","strDescription":"Clear Chapter 3","strImage":"https://steamcdn-a.akamaihd.net/steamcommunity/public/images/apps/333600/28a3f57764d0d60db8c61ea7c28f5b4dd1a322f3.jpg","bAchieved":false,"rtUnlocked":0,"flAchieved":60.900001525878906,"flMinProgress":0,"flCurrentProgress":0,"flMaxProgress":0},{"strID":"NEW_ACHIEVEMENT_1_4","strName":"This Time, La Soleil is Open for Business!","strDescription":"Clear Chapter 4","strImage":"https://steamcdn-a.akamaihd.net/steamcommunity/public/images/apps/333600/4592be3dcc4da015f9c34bf4c4aef9c10ebe8e8d.jpg","bAchieved":false,"rtUnlocked":0,"flAchieved":57.5,"flMinProgress":0,"flCurrentProgress":0,"flMaxProgress":0},{"strID":"NEW_ACHIEVEMENT_1_5","strName":"Bell-Holding, Poster Catgirl","strDescription":"Clear Chapter 5","strImage":"https://steamcdn-a.akamaihd.net/steamcommunity/public/images/apps/333600/32e94cadc39e56427bebeed8fd5a562f2f4e297a.jpg","bAchieved":false,"rtUnlocked":0,"flAchieved":53.29999923706055,"flMinProgress":0,"flCurrentProgress":0,"flMaxProgress":0},{"strID":"NEW_ACHIEVEMENT_1_6","strName":"Two Catgirls in Love","strDescription":"Clear Chapter 6","strImage":"https://steamcdn-a.akamaihd.net/steamcommunity/public/images/apps/333600/86b2a35736120be6e8e9a250a9e9ca959ceef4cf.jpg","bAchieved":false,"rtUnlocked":0,"flAchieved":47,"flMinProgress":0,"flCurrentProgress":0,"flMaxProgress":0},{"strID":"NEW_ACHIEVEMENT_1_7","strName":"Like a Catpanion","strDescription":"Clear Chapter 7","strImage":"https://steamcdn-a.akamaihd.net/steamcommunity/public/images/apps/333600/18e07d2cc9bb19cf4fd9c15aeae9757fea51a0ba.jpg","bAchieved":false,"rtUnlocked":0,"flAchieved":43.599998474121094,"flMinProgress":0,"flCurrentProgress":0,"flMaxProgress":0},{"strID":"NEW_ACHIEVEMENT_1_11","strName":"Play it in Japanese!","strDescription":"Try playing it in Japanese!","strImage":"https://steamcdn-a.akamaihd.net/steamcommunity/public/images/apps/333600/03264cf712deb168fc6eed0e25d37670b9e56517.jpg","bAchieved":false,"rtUnlocked":0,"flAchieved":40.900001525878906,"flMinProgress":0,"flCurrentProgress":0,"flMaxProgress":0},{"strID":"NEW_ACHIEVEMENT_1_8","strName":"Mutual Love","strDescription":"Clear Chapter 8","strImage":"https://steamcdn-a.akamaihd.net/steamcommunity/public/images/apps/333600/5f2037e58a9dae1ebef03c687518c3c907175f6f.jpg","bAchieved":false,"rtUnlocked":0,"flAchieved":39.70000076293945,"flMinProgress":0,"flCurrentProgress":0,"flMaxProgress":0},{"strID":"NEW_ACHIEVEMENT_1_9","strName":"Neko Paradise","strDescription":"Thank you for playing to the end!","strImage":"https://steamcdn-a.akamaihd.net/steamcommunity/public/images/apps/333600/f1c80047a0446442f2389f5b0cdb7b8cabe6fce2.jpg","bAchieved":false,"rtUnlocked":0,"flAchieved":39.400001525878906,"flMinProgress":0,"flCurrentProgress":0,"flMaxProgress":0}],"vecAchievedHidden":[],"nTotal":14,"nAchieved":0}}],["achievementmap",{"version":2,"data":"[]"}],["usernews",{"version":2,"data":[]}],["gameactivity",{"version":3,"data":[]}],["socialmedia",{"version":3,"data":[{"eType":4,"strName":"Sekai Project","strURL":"https://twitter.com/sekaiproject"},{"eType":5,"strName":"sekaiproject","strURL":"https://www.twitch.tv/sekaiproject"},{"eType":6,"strName":"Sekai Project","strURL":"https://www.youtube.com/sekaiproject/"},{"eType":7,"strName":"Sekai Project","strURL":"https://www.facebook.com/SekaiProject/"}]}],["associations",{"version":2,"data":{"rgDevelopers":[{"strName":"NEKO WORKs","strURL":"https://store.steampowered.com/developer/nekoworks"}],"rgPublishers":[{"strName":"Sekai Project","strURL":"https://store.steampowered.com/publisher/sekaiproject"}],"rgFranchises":[]}}],["releasedata",{"version":2}],["descriptions",{"version":1,"data":{"strFullDescription":"What's NEKOPARA? Why, it's a cat paradise! \r\n\r\nKashou Minaduki, the son of a long line of Japanese confection makers moved out to open his own shop &quot;La Soleil&quot; as a patisserie. \r\n\r\nBut upon moving out, hidden amongst his things were two of the catgirls, Chocola and Vanilla, that the family had been raising. When he tried to send them back, they begged and pleaded until he gave in and now they've opened La Soleil together. \r\n\r\nWith two catgirls who really, REALLY love their master trying their very best and occasionally failing -- a heartful comedy opens for business! \r\n\r\nSee the Sayori NEKO WORKs’ mascots Chocola and Vanilla like never before, moving, and in full voice on screen. And now with the E-mote System, the characters smoothly move on screen changing expression and poses in countless ways.","strSnippet":"What's NEKOPARA? Why, it's a cat paradise! Kashou Minaduki, the son of a long line of Japanese confection makers moved out to open his own shop \"La Soleil\" as a patisserie."}}],["friends",{"version":1,"data":{"in_game":[],"played_recently":[],"played_ever":[],"owns":[{"steamid":"76561198991003290"}],"in_wishlist":[]}}]]