[["achievementmap",{"version":2,"data":"[]"}],["usernews",{"version":2,"data":["CAMQ8tqUjAYZNRs4MgEAEAEhAAAAAAAAAAApAAAAAAAAAAAw/qsI"]}],["gameactivity",{"version":3,"data":[]}],["achievements",{"version":2,"data":{"vecHighlight":[],"vecUnachieved":[{"strID":"ACH_FIN","strName":"Wish Granted","strDescription":"Fulfill Colin's last wish. ","strImage":"https://steamcdn-a.akamaihd.net/steamcommunity/public/images/apps/337340/f38db1103af09c96269335d032fb1c5972debd06.jpg","bAchieved":false,"rtUnlocked":0,"flAchieved":49.599998474121094,"flMinProgress":0,"flCurrentProgress":0,"flMaxProgress":0}],"vecAchievedHidden":[],"nTotal":1,"nAchieved":0}}],["socialmedia",{"version":3,"data":[{"eType":4,"strName":"Kan Gao","strURL":"https://twitter.com/Reives_Freebird"},{"eType":6,"strName":"Kan Gao","strURL":"https://www.youtube.com/kangao/"},{"eType":7,"strName":"Freebird Games","strURL":"https://www.facebook.com/FreebirdGames/"}]}],["associations",{"version":2,"data":{"rgDevelopers":[{"strName":"Freebird Games","strURL":"https://store.steampowered.com/developer/FreebirdGames"}],"rgPublishers":[{"strName":"Freebird Games","strURL":"https://store.steampowered.com/publisher/FreebirdGames"}],"rgFranchises":[{"strName":"To the Moon Series","strURL":"https://store.steampowered.com/franchise/FreebirdGames"}]}}],["releasedata",{"version":2}],["descriptions",{"version":1,"data":{"strFullDescription":"Dr. Rosalene and Dr. Watts have peculiar jobs: They give people another chance to live, all the way from the very beginning... but only in their patients' heads.\r\n\r\nDue to the severity of the operation, the new life becomes the last thing the patients remember before drawing their last breath. Thus, the operation is only done to people on their deathbeds, to fulfill what they wish they had done with their lives, but didn’t.\r\n\r\n[i]Finding Paradise[/i] is the 2nd full episode of [i]To the Moon[/i]'s series. It follows the life of the doctors' new patient, Colin, as they attempt to unravel a life that is split down the middle, and fulfill a wish that appears to be self-contradictory by nature.\r\n\r\n-------------------------------------------------------------------------------------------\r\n[i]*Like [i]To the Moon[/i], this is a standalone full game that does [b]not[/b] require having played any previous games in the series.[/i]","strSnippet":"A story-driven adventure spanning a lifetime, following two doctors traversing through a dying man's memories to fulfill his last wish."}}]]