[["achievements",{"version":2,"data":{"vecHighlight":[],"vecUnachieved":[],"vecAchievedHidden":[],"nTotal":0,"nAchieved":0}}],["achievementmap",{"version":2,"data":"[]"}],["usernews",{"version":2,"data":["COoHEPjv540GGf2wggAAAHABIbzoT0EBABABKWaUBQAAAAAAUXTTR44s/pUrYNjr540G","COoHEL6mqY0GGf2wggAAAHABIbzoT0EBABABKWaUBQAAAAAAUca0DW0a/ZUrYK6jqY0G","COoHEMSS1YwGGf2wggAAAHABIbzoT0EBABABKWaUBQAAAAAAUSrvdDne+50rYPm81IwG"]}],["gameactivity",{"version":3,"data":[]}],["friends",{"version":1,"data":{"your_info":{"minutes_played_forever":84,"owned":true},"in_game":[],"played_recently":[],"played_ever":[],"owns":[],"in_wishlist":[]}}]]