[["socialmedia",{"version":3,"data":[{"eType":4,"strName":"Daniel Mullins","strURL":"https://twitter.com/DMullinsGames"}]}],["associations",{"version":2,"data":{"rgDevelopers":[{"strName":"Daniel Mullins Games","strURL":"https://store.steampowered.com/developer/danielmullinsgames"}],"rgPublishers":[{"strName":"Daniel Mullins Games","strURL":"https://store.steampowered.com/publisher/danielmullinsgames"}],"rgFranchises":[]}}],["releasedata",{"version":2}],["descriptions",{"version":1,"data":{"strFullDescription":"Pony Island is a suspense puzzle game in disguise. You are in limbo, trapped in a malevolent and malfunctioning arcade machine devised by the devil himself. The devil detests having his puzzles solved and poor programming exposed; you will need to think outside the box to proceed and you will be insulted when you do.\r\n\r\n[h2]In Pony Island you will...[/h2]\r\n[list]\r\n[*] Peer behind the rotting curtain of &quot;Pony Island&quot; to repair its broken code\r\n[*] Be forced to play along with The Devil's demented game of ponies\r\n[*] Explore the depths of the cryptic software system that runs His game\r\n[/list]\r\n\r\nThis game is about as indie as it gets.\r\n[i]Daniel Mullins[/i] - Creator\r\n[i]Simon Jenkins[/i] - Consulted Designer\r\n[i]Jonah Senzel[/i] - Musician\r\n\r\n[i]@EnzoPiou[/i] - French Localization\r\n[i]FenixTM[/i] - Italian Localization\r\n[i]@77pali[/i] - German Localization\r\n[i]Luis Redin (Fusti)[/i] - Spanish Localization\r\n[i]Kenneth Mohr[/i] - Danish Localization\r\n[i]Alan K. Cirino[/i] - Portuguese Localization\r\n[i]Berke Oğuz Yılmaz[/i] - Turkish Localization\r\n[i]@TomWojcik1[/i] - Polish Localization\r\n[i]Barrie van der Velden[/i] - Dutch Localization\r\n[i]Farhad Alyshev[/i] - Russian Localization\r\n\r\nVideo playthrough by [url=https://www.youtube.com/channel/UC6ZgIB_SB5GavB1zu7ISOow]LoganicYT[/url]!","strSnippet":"Pony Island is a suspense puzzle game in disguise. You are in limbo, trapped in a malevolent and malfunctioning arcade machine devised by the devil himself. It is not a game about ponies."}}],["achievementmap",{"version":2,"data":"[]"}],["usernews",{"version":2,"data":["CAMQuKyNjQYZNRs4MgEAEAEhAAAAAAAAAAApAAAAAAAAAAAw7O4E"]}],["gameactivity",{"version":3,"data":[]}],["achievements",{"version":2,"data":{"vecHighlight":[],"vecUnachieved":[{"strID":"ACH_TICKETS_1","strName":"That's The Ticket!","strDescription":"Found your first ticket.","strImage":"https://steamcdn-a.akamaihd.net/steamcommunity/public/images/apps/405640/8238fc35cf079e7d4ace5be96ad44fca0b37f818.jpg","bAchieved":false,"rtUnlocked":0,"flAchieved":90.4000015258789,"flMinProgress":0,"flCurrentProgress":0,"flMaxProgress":0},{"strID":"ACH_PROGRESS_1","strName":"No Surrender","strDescription":"Crashed the game.","strImage":"https://steamcdn-a.akamaihd.net/steamcommunity/public/images/apps/405640/8238fc35cf079e7d4ace5be96ad44fca0b37f818.jpg","bAchieved":false,"rtUnlocked":0,"flAchieved":89.5999984741211,"flMinProgress":0,"flCurrentProgress":0,"flMaxProgress":0},{"strID":"ACH_PROGRESS_2","strName":"There Are Better Options Than These","strDescription":"Unlocked Pony Lasers.","strImage":"https://steamcdn-a.akamaihd.net/steamcommunity/public/images/apps/405640/8238fc35cf079e7d4ace5be96ad44fca0b37f818.jpg","bAchieved":false,"rtUnlocked":0,"flAchieved":82.0999984741211,"flMinProgress":0,"flCurrentProgress":0,"flMaxProgress":0},{"strID":"ACH_TICKETS_2","strName":"Ticked Off","strDescription":"Found 3 tickets.","strImage":"https://steamcdn-a.akamaihd.net/steamcommunity/public/images/apps/405640/8238fc35cf079e7d4ace5be96ad44fca0b37f818.jpg","bAchieved":false,"rtUnlocked":0,"flAchieved":79.69999694824219,"flMinProgress":0,"flCurrentProgress":0,"flMaxProgress":0},{"strID":"ACH_PROGRESS_3","strName":"Meltdown","strDescription":"Destroyed the first Core File.","strImage":"https://steamcdn-a.akamaihd.net/steamcommunity/public/images/apps/405640/8238fc35cf079e7d4ace5be96ad44fca0b37f818.jpg","bAchieved":false,"rtUnlocked":0,"flAchieved":76.30000305175781,"flMinProgress":0,"flCurrentProgress":0,"flMaxProgress":0},{"strID":"ACH_FLASHBACK_1","strName":"Behold...","strDescription":"Learned a secret of your past.","strImage":"https://steamcdn-a.akamaihd.net/steamcommunity/public/images/apps/405640/8238fc35cf079e7d4ace5be96ad44fca0b37f818.jpg","bAchieved":false,"rtUnlocked":0,"flAchieved":71.80000305175781,"flMinProgress":0,"flCurrentProgress":0,"flMaxProgress":0},{"strID":"ACH_PROGRESS_4","strName":"Enjoy The Wings","strDescription":"Unlocked Pony Wings.","strImage":"https://steamcdn-a.akamaihd.net/steamcommunity/public/images/apps/405640/8238fc35cf079e7d4ace5be96ad44fca0b37f818.jpg","bAchieved":false,"rtUnlocked":0,"flAchieved":69.69999694824219,"flMinProgress":0,"flCurrentProgress":0,"flMaxProgress":0},{"strID":"ACH_PROGRESS_5","strName":"Security Breach","strDescription":"Destroyed the second Core File.","strImage":"https://steamcdn-a.akamaihd.net/steamcommunity/public/images/apps/405640/8238fc35cf079e7d4ace5be96ad44fca0b37f818.jpg","bAchieved":false,"rtUnlocked":0,"flAchieved":59.79999923706055,"flMinProgress":0,"flCurrentProgress":0,"flMaxProgress":0},{"strID":"ACH_PROGRESS_6","strName":"You Killed Louey","strDescription":"Killed Louey.","strImage":"https://steamcdn-a.akamaihd.net/steamcommunity/public/images/apps/405640/8238fc35cf079e7d4ace5be96ad44fca0b37f818.jpg","bAchieved":false,"rtUnlocked":0,"flAchieved":54.20000076293945,"flMinProgress":0,"flCurrentProgress":0,"flMaxProgress":0},{"strID":"ACH_PROGRESS_7","strName":"Victory?","strDescription":"Destroyed the third Core File.","strImage":"https://steamcdn-a.akamaihd.net/steamcommunity/public/images/apps/405640/8238fc35cf079e7d4ace5be96ad44fca0b37f818.jpg","bAchieved":false,"rtUnlocked":0,"flAchieved":52.099998474121094,"flMinProgress":0,"flCurrentProgress":0,"flMaxProgress":0},{"strID":"ACH_PROGRESS_8","strName":"Escape","strDescription":"Escaped the arcade.","strImage":"https://steamcdn-a.akamaihd.net/steamcommunity/public/images/apps/405640/8238fc35cf079e7d4ace5be96ad44fca0b37f818.jpg","bAchieved":false,"rtUnlocked":0,"flAchieved":51.900001525878906,"flMinProgress":0,"flCurrentProgress":0,"flMaxProgress":0},{"strID":"ACH_FLASHBACK_2","strName":"A Glimpse","strDescription":"Learned another secret of your past.","strImage":"https://steamcdn-a.akamaihd.net/steamcommunity/public/images/apps/405640/8238fc35cf079e7d4ace5be96ad44fca0b37f818.jpg","bAchieved":false,"rtUnlocked":0,"flAchieved":43,"flMinProgress":0,"flCurrentProgress":0,"flMaxProgress":0}],"vecAchievedHidden":[],"nTotal":20,"nAchieved":0}}],["friends",{"version":1,"data":{"your_info":{"owned":true},"in_game":[],"played_recently":[],"played_ever":[],"owns":[],"in_wishlist":[]}}]]