[["achievementmap",{"version":2,"data":"[]"}],["usernews",{"version":2,"data":["COoHEIXUoo0GGXrmgwEAAHABITuw7UcBABABKehHBwAAAAAAUaS3MTAC/WkrYPG4oo0G","CAMQuKyNjQYZNRs4MgEAEAEhAAAAAAAAAAApAAAAAAAAAAAw2r4G","COoHEO6kgo0GGXrmgwEAAHABITuw7UcBABABKehHBwAAAAAAUXH2ojre+3ErYMijgo0G","COoHEKOK+owGGXrmgwEAAHABISZvoAABABABKehHBwAAAAAAUdx/fq22+uEqYMer+YwG","COoHENe8+IwGGXrmgwEAAHABIeuRAEUBABABKehHBwAAAAAAUSCY2zEQ8nUpYIyw+IwG","COoHENep9IwGGXrmgwEAAHABIeuRAEUBABABKehHBwAAAAAAUY2WHAoj+uEqYKWo9IwG","COoHENW82IwGGXrmgwEAAHABIWnIQUgBABABKehHBwAAAAAAUZjMUzne+3ErYIG72IwG","COoHEOCR4IsGGXrmgwEAAHABISZvoAABABABKehHBwAAAAAAUUw0/ISa+N0pYISQ4IsG"]}],["gameactivity",{"version":3,"data":[]}],["workshop_trendy_items",{"version":2}],["socialmedia",{"version":3,"data":[{"eType":4,"strName":"Curve Games","strURL":"https://twitter.com/curvegames"},{"eType":6,"strName":"Curve Digital","strURL":"https://www.youtube.com/curvedigital/"}]}],["associations",{"version":2,"data":{"rgDevelopers":[{"strName":"No Brakes Games","strURL":null}],"rgPublishers":[{"strName":"Curve Games","strURL":"https://store.steampowered.com/publisher/curvedigital"}],"rgFranchises":[{"strName":"Curve Games","strURL":"https://store.steampowered.com/franchise/curvedigital"}]}}],["releasedata",{"version":2}],["descriptions",{"version":1,"data":{"strFullDescription":"[h2][b]***NEW LEVEL 'LUMBER' AVAILABLE NOW***[/b][/h2]\r\n\r\nHumans! Prepare to escape to the great outdoors for a woodland adventure of a lifetime.\r\n\r\nClimb, zipline and swing through the canopies, or ride the roiling rapids through verdant vegetation. Grab up to seven friends and have your teambuilding skills pushed to the limit in Lumber!\r\n\r\nThe level  from Workshop creator David Nielsen is the ultimate team bonding experience. Leap from upturned logs and swing from monkey bars before experiencing the sheer exhilaration of white water rafting!\r\n\r\n[img]https://cdn.cloudflare.steamstatic.com/steam/apps/477160/extras/HFF_Lumber_Steam_GIF_1.gif?t=1637720036[/img]\r\n\r\n[b]Includes 19 great levels. Over 30 million units sold across all formats[/b]\r\n\r\n[b]Human: Fall Flat is a hilarious, light-hearted physics platformer set in a world of floating dreamscapes.[/b]\r\n\r\n\r\n[img]https://cdn.cloudflare.steamstatic.com/steam/apps/477160/extras/core.gif?t=1637720036[/img]\r\n\r\nEach dream level provides a new environment to navigate, from mansions, castles and Aztec adventures to snowy mountains, eerie nightscapes and industrial locations. Multiple routes through each level, and perfectly playful puzzles ensure exploration and ingenuity are rewarded.\r\n\r\n[b]More Humans, More Mayhem[/b]\r\n\r\n\r\n[img]https://cdn.cloudflare.steamstatic.com/steam/apps/477160/extras/multiplayeractionv2.gif?t=1637720036[/img]\r\n\r\nNeed a hand getting that boulder on to a catapult, or need someone to break that wall? Online multiplayer for up to 8 players transforms the way Human: Fall Flat is played.\r\n\r\n[b]A Blank Canvas[/b]\r\n\r\n\r\n[img]https://cdn.cloudflare.steamstatic.com/steam/apps/477160/extras/customisationv2.gif?t=1637720036[/img]\r\n\r\nYour Human is yours to customise. With outfits from builder to chef, skydiver, miner, astronaut and ninja. Choose your head, upper and lower body and get creative with the colours!\r\n\r\n[b]Workshop Wonders[/b]\r\n\r\n\r\n[img]https://cdn.cloudflare.steamstatic.com/steam/apps/477160/extras/workshop.gif?t=1637720036[/img]\r\n\r\nThe Human: Fall Flat Workshop, unique to Steam is a fantastic tool which, used alongside Unity, enables players to build their own Human: Fall Flat content and share it with others around the world. Not interested in building levels, lobbies or skins yourself? You can also download and explore other people's creations directly from Steam!\r\n\r\n[b]A Vibrant Community[/b]\r\n\r\n\r\n[img]https://cdn.cloudflare.steamstatic.com/steam/apps/477160/extras/factory-3.gif?t=1637720036[/img]\r\n\r\nStreamers and YouTubers flock to Human: Fall Flat for its unique, hilarious gameplay. Fans have watched these videos more than 3 Billion times!","strSnippet":"Human: Fall Flat is a hilarious, light-hearted platformer set in floating dreamscapes that can be played solo or with up to 8 players online. Free new levels keep its vibrant community rewarded."}}],["achievements",{"version":2,"data":{"vecHighlight":[],"vecUnachieved":[{"strID":"Achievement010","strName":"No escape","strDescription":"Fall and respawn once","strImage":"https://steamcdn-a.akamaihd.net/steamcommunity/public/images/apps/477160/2696084977f955e632ac85beac042027d92e92a0.jpg","bAchieved":false,"rtUnlocked":0,"flAchieved":93.5999984741211,"flMinProgress":0,"flCurrentProgress":0,"flMaxProgress":0},{"strID":"IncAchievement000","strName":"Tourist","strDescription":"Travel 1km","strImage":"https://steamcdn-a.akamaihd.net/steamcommunity/public/images/apps/477160/e5b53ade95fb324ba6e1b209d73732d79bb309a0.jpg","bAchieved":false,"rtUnlocked":0,"flAchieved":85.69999694824219,"flMinProgress":0,"flCurrentProgress":0,"flMaxProgress":1000},{"strID":"Achievement000","strName":"Leap of Fail","strDescription":"Complete \"Mansion\"","strImage":"https://steamcdn-a.akamaihd.net/steamcommunity/public/images/apps/477160/a6dfb451cd38a18ed832867b0aefd93587746aa7.jpg","bAchieved":false,"rtUnlocked":0,"flAchieved":80.80000305175781,"flMinProgress":0,"flCurrentProgress":0,"flMaxProgress":0},{"strID":"IncAchievement005","strName":"Climber","strDescription":"Climb 100m","strImage":"https://steamcdn-a.akamaihd.net/steamcommunity/public/images/apps/477160/b6cee6a0bdbdb5c41e1012ebdb2e9be0837dd1c0.jpg","bAchieved":false,"rtUnlocked":0,"flAchieved":77.4000015258789,"flMinProgress":0,"flCurrentProgress":0,"flMaxProgress":100},{"strID":"Achievement001","strName":"Choo Choo!","strDescription":"Complete \"Train\"","strImage":"https://steamcdn-a.akamaihd.net/steamcommunity/public/images/apps/477160/99112683e02e067fb92f5cc73fdfd31f866cf64c.jpg","bAchieved":false,"rtUnlocked":0,"flAchieved":70.5999984741211,"flMinProgress":0,"flCurrentProgress":0,"flMaxProgress":0},{"strID":"Achievement002","strName":"Don't Get a Splinter!","strDescription":"Complete \"Carry\"","strImage":"https://steamcdn-a.akamaihd.net/steamcommunity/public/images/apps/477160/70d933085430f19e1dd1730e33f284761252cb34.jpg","bAchieved":false,"rtUnlocked":0,"flAchieved":68.9000015258789,"flMinProgress":0,"flCurrentProgress":0,"flMaxProgress":0},{"strID":"Achievement023","strName":"Improvised Ammo","strDescription":"Launch yourself with the catapult in \"Castle\"","strImage":"https://steamcdn-a.akamaihd.net/steamcommunity/public/images/apps/477160/ffc96228837c42b52b2e11bf87c797816fec7a17.jpg","bAchieved":false,"rtUnlocked":0,"flAchieved":63.79999923706055,"flMinProgress":0,"flCurrentProgress":0,"flMaxProgress":0},{"strID":"Achievement003","strName":"What Goes Up","strDescription":"Complete \"Mountain\"","strImage":"https://steamcdn-a.akamaihd.net/steamcommunity/public/images/apps/477160/2103e0814008a9c335845338298af2031eaf87f6.jpg","bAchieved":false,"rtUnlocked":0,"flAchieved":63.5,"flMinProgress":0,"flCurrentProgress":0,"flMaxProgress":0},{"strID":"IncAchievement004","strName":"Trampoline","strDescription":"Jump 1000 times","strImage":"https://steamcdn-a.akamaihd.net/steamcommunity/public/images/apps/477160/9eb95b6fd02d4ca3a2027da922d6f142cc33626c.jpg","bAchieved":false,"rtUnlocked":0,"flAchieved":59.5,"flMinProgress":0,"flCurrentProgress":0,"flMaxProgress":1000},{"strID":"IncAchievement007","strName":"Learn to swim","strDescription":"Drown 10 times","strImage":"https://steamcdn-a.akamaihd.net/steamcommunity/public/images/apps/477160/9a8e583eaed844d3f56ae8dac0ce367b2e959091.jpg","bAchieved":false,"rtUnlocked":0,"flAchieved":56,"flMinProgress":0,"flCurrentProgress":0,"flMaxProgress":10},{"strID":"Achievement021","strName":"Surprise! (Avalanche!)","strDescription":"Unleash the boulder gate in \"Demolition\"","strImage":"https://steamcdn-a.akamaihd.net/steamcommunity/public/images/apps/477160/6edd39833a64f4a006c162180b97aec2e924bed1.jpg","bAchieved":false,"rtUnlocked":0,"flAchieved":55.5,"flMinProgress":0,"flCurrentProgress":0,"flMaxProgress":0},{"strID":"Achievement004","strName":"Brute Force","strDescription":"Complete \"Demolition\"","strImage":"https://steamcdn-a.akamaihd.net/steamcommunity/public/images/apps/477160/5167774a19971b9bd12243b152b6c9127fdf88e5.jpg","bAchieved":false,"rtUnlocked":0,"flAchieved":55.20000076293945,"flMinProgress":0,"flCurrentProgress":0,"flMaxProgress":0}],"vecAchievedHidden":[],"nTotal":99,"nAchieved":0}}]]