[["friends",{"version":1,"data":{"in_game":[],"played_recently":[],"played_ever":[{"steamid":"76561198991003290","minutes_played_forever":140}],"owns":[],"in_wishlist":[]}}],["achievements",{"version":2,"data":{"vecHighlight":[],"vecUnachieved":[{"strID":"COMMUNITY_SERVICE","strName":"Community Service","strDescription":"Install and play one mod.","strImage":"https://steamcdn-a.akamaihd.net/steamcommunity/public/images/apps/48700/a3287b47d10160ec4ce9ce352d4fd02d4cdb658f.jpg","bAchieved":false,"rtUnlocked":0,"flAchieved":53.79999923706055,"flMinProgress":0,"flCurrentProgress":0,"flMaxProgress":0},{"strID":"GET_UP_STAND_UP","strName":"Get up Stand up","strDescription":"Cleanse the town of bandits in the opening mission.","strImage":"https://steamcdn-a.akamaihd.net/steamcommunity/public/images/apps/48700/30cf382307b8c747473ca1c1810083418dd03eed.jpg","bAchieved":false,"rtUnlocked":0,"flAchieved":51.599998474121094,"flMinProgress":0,"flCurrentProgress":0,"flMaxProgress":0},{"strID":"GOOD_SAMARITAN","strName":"Good Samaritan","strDescription":"Help a lord or party win a fight.","strImage":"https://steamcdn-a.akamaihd.net/steamcommunity/public/images/apps/48700/5fd9b22dbef0bfce68cef09351d6f74f3fe8b906.jpg","bAchieved":false,"rtUnlocked":0,"flAchieved":49,"flMinProgress":0,"flCurrentProgress":0,"flMaxProgress":0},{"strID":"ABUNDANT_FEAST","strName":"Abundant Feast","strDescription":"Eat 6 different types food concurrently.","strImage":"https://steamcdn-a.akamaihd.net/steamcommunity/public/images/apps/48700/e4c7de43e67e1d977e374012140416d9a20ffd7d.jpg","bAchieved":false,"rtUnlocked":0,"flAchieved":47,"flMinProgress":0,"flCurrentProgress":0,"flMaxProgress":0},{"strID":"TALKING_HELPS","strName":"Talking helps","strDescription":"Engage in a conversation with a hero character through the party screen.","strImage":"https://steamcdn-a.akamaihd.net/steamcommunity/public/images/apps/48700/c8f5dc8abc991f6d1e1a14e25589b7d5848875c0.jpg","bAchieved":false,"rtUnlocked":0,"flAchieved":46.70000076293945,"flMinProgress":0,"flCurrentProgress":0,"flMaxProgress":0},{"strID":"MEDIEVAL_TIMES","strName":"Medieval Times","strDescription":"Enter and win a tournament.","strImage":"https://steamcdn-a.akamaihd.net/steamcommunity/public/images/apps/48700/2db6ac0e82bcd89c849dc9e23276dfefb47ae14f.jpg","bAchieved":false,"rtUnlocked":0,"flAchieved":43,"flMinProgress":0,"flCurrentProgress":0,"flMaxProgress":0},{"strID":"OLD_DIRTY_SCOUNDREL","strName":"Old dirty scoundrel","strDescription":"Have a -50 relation with a lord, village, or faction.","strImage":"https://steamcdn-a.akamaihd.net/steamcommunity/public/images/apps/48700/682878cb2b5da76498457929618144f4e57d38b2.jpg","bAchieved":false,"rtUnlocked":0,"flAchieved":40.20000076293945,"flMinProgress":0,"flCurrentProgress":0,"flMaxProgress":0},{"strID":"SOLD_INTO_SLAVERY","strName":"Sold into Slavery","strDescription":"Sell 5 people to the ransom broker.","strImage":"https://steamcdn-a.akamaihd.net/steamcommunity/public/images/apps/48700/39e1411833d59b18f32bc428abf0e0a856076673.jpg","bAchieved":false,"rtUnlocked":0,"flAchieved":40.099998474121094,"flMinProgress":0,"flCurrentProgress":0,"flMaxProgress":5},{"strID":"ROYALITY_PAYMENT","strName":"Royality Payment","strDescription":"Be granted your first fief.","strImage":"https://steamcdn-a.akamaihd.net/steamcommunity/public/images/apps/48700/f17b130299a688864ae7c44cd6b8a887fe98895f.jpg","bAchieved":false,"rtUnlocked":0,"flAchieved":38.900001525878906,"flMinProgress":0,"flCurrentProgress":0,"flMaxProgress":0},{"strID":"HOLY_DIVER","strName":"Holy Diver","strDescription":"Kill or wound at least 500 enemies.","strImage":"https://steamcdn-a.akamaihd.net/steamcommunity/public/images/apps/48700/f69900bccd76bc0bac933b92e63e40c39c35c226.jpg","bAchieved":false,"rtUnlocked":0,"flAchieved":37.5,"flMinProgress":0,"flCurrentProgress":0,"flMaxProgress":500},{"strID":"MORALE_LEADER","strName":"Morale Leader","strDescription":"Raise your soldiers' morale from low to excellent.","strImage":"https://steamcdn-a.akamaihd.net/steamcommunity/public/images/apps/48700/6e85910ead0b3f9d39a293a559f233188eeee956.jpg","bAchieved":false,"rtUnlocked":0,"flAchieved":36.5,"flMinProgress":0,"flCurrentProgress":0,"flMaxProgress":0},{"strID":"KNIGHTS_OF_THE_ROUND","strName":"Knights of the Round","strDescription":"Recruit 6 hero characters.","strImage":"https://steamcdn-a.akamaihd.net/steamcommunity/public/images/apps/48700/5389b18ae483a69dfd6735c031a6c833d849389b.jpg","bAchieved":false,"rtUnlocked":0,"flAchieved":33.5,"flMinProgress":0,"flCurrentProgress":0,"flMaxProgress":6}],"vecAchievedHidden":[],"nTotal":80,"nAchieved":0}}],["achievementmap",{"version":2,"data":"[]"}],["usernews",{"version":2,"data":["COoHELy5z4wGGbg+FQAAAHABIRiUyQIBABABKTy+AAAAAAAAUXHtqDZg+6lMYNOuz4wG"]}],["gameactivity",{"version":3,"data":[]}],["workshop_trendy_items",{"version":2}],["socialmedia",{"version":3,"data":[]}],["associations",{"version":2,"data":{"rgDevelopers":[{"strName":"TaleWorlds Entertainment","strURL":"https://store.steampowered.com/developer/taleworlds"}],"rgPublishers":[{"strName":"TaleWorlds Entertainment","strURL":"https://store.steampowered.com/publisher/taleworlds"}],"rgFranchises":[]}}],["releasedata",{"version":2}],["descriptions",{"version":1,"data":{"strFullDescription":"In a land torn asunder by incessant warfare, it is time to assemble your own band of hardened warriors and enter the fray. Lead your men into battle, expand your realm, and claim the ultimate prize: the throne of Calradia!\r\n\r\nMount &amp; Blade: Warband is a stand alone expansion pack for the game that brought medieval battlefields to life with its realistic mounted combat and detailed fighting system.\r\n\r\n[list][*]Graphical overhaul: Support added for HDR, FSAA, depth of field, soft particles, tone mapping, and many other effects \r\n[*]New models with greater detail and high-quality textures\r\n[*]Multiplayer battles with up to 64 players. Multiplayer modes include Deathmatch, Team Deathmatch, Capture the Flag, Conquest, Battle, and Siege\r\n[*]A campaign allowing you to become the ruler of a faction and convince lords to become your vassals\r\n[*]The ability to upgrade your companions to vassals by granting them lands\r\n[*]The ability to marry a lady of the realm for romance or cold political gain. Try to win a lady’s heart through poetry or bravery\r\n[*]Improved mechanics for soldier morale: Soldiers will break and run away if their morale gets too low\r\n[*]Pick any projectile off the battlefield for use as additional munitions\r\n[*]New motion-captured combat animations\r\n[*]Numerous improvements to the combat system: Your shield will still stop arrows even if you are not actively defending\r\n[*]The ability to play multiplayer matches on random maps as well as hand-designed ones\r\n[*]Multiplayer equipment system: Earn money by fighting opponents or accomplishing goals\r\n[*]The ability to use most throwing weapons in close combat: Switch to using a javelin as a short spear when the enemy gets close\r\n[*]Spend gold on more powerful equipment, using a carefully balanced system that will make combat more exciting without giving too much of an advantage to the leading team[/list]","strSnippet":"In a land torn asunder by incessant warfare, it is time to assemble your own band of hardened warriors and enter the fray. Lead your men into battle, expand your realm, and claim the ultimate prize: the throne of Calradia!"}}]]