[["achievements",{"version":2,"data":{"vecHighlight":[],"vecUnachieved":[],"vecAchievedHidden":[],"nTotal":0,"nAchieved":0}}],["achievementmap",{"version":2,"data":"[]"}],["usernews",{"version":2,"data":[]}],["gameactivity",{"version":3,"data":[]}],["workshop_trendy_items",{"version":2}],["socialmedia",{"version":3,"data":[]}],["associations",{"version":2,"data":{"rgDevelopers":[{"strName":"SteelRaven7","strURL":"https://store.steampowered.com/curator/33981437"}],"rgPublishers":[{"strName":"SteelRaven7","strURL":"https://store.steampowered.com/curator/33981437"}],"rgFranchises":[]}}],["releasedata",{"version":2}],["descriptions",{"version":1,"data":{"strFullDescription":"Fight upon the Ravenfield together with your Blue allies! Take down those pesky Reds using helicopters, tanks, guns, and active ragdoll physics!\r\n\r\nRavenfield is a singleplayer game in the vein of older team-vs-team AI shooters. The game is designed to be easy to pick up and play, but also rewarding for all skill levels!\r\n\r\n[h2]Key Features[/h2]\r\n[list][*]Easy-to-pickup, singleplayer mayhem\r\n[*]Fight as infantry, or in ground vehicles, aircraft, or watercraft\r\n[*]Active ragdoll physics combines tactical strategies with a sprinkle of silly fun\r\n[*]The number of combatants is only limited by what your computer can handle!\r\n[*]Damaged soldiers drop team-colored blood splats, indicating where battles have taken place\r\n[/list]\r\n\r\n\r\n[h2]Development Roadmap[/h2]\r\nRavenfield is being developed as an early access game, with major content updates scheduled to be released every 4-6 weeks. Additionally, incremental updates are distributed via a beta branch for those who do not fear slightly more buggy releases.\r\n\r\n\r\nWhile some content, such as new weapons, vehicles and maps will be released on a regular basis, other key features will be added roughly in the following order:\r\n[list]\r\n[*]Custom map support\r\n[*]Steam Workshop integration\r\n[*]AI Commanding\r\n[*]Custom weapon support\r\n[*]Custom vehicle support\r\n[*]Conquest mode[/list]","strSnippet":"Fight upon the Ravenfield together with your Blue allies! Take down those pesky Reds using helicopters, tanks, guns, and active ragdoll physics!"}}],["friends",{"version":1,"data":{"your_info":{"minutes_played":281,"minutes_played_forever":4118,"owned":true},"in_game":[],"played_recently":[],"played_ever":[],"owns":[],"in_wishlist":[]}}]]