[["friends",{"version":1,"data":{"in_game":[],"played_recently":[],"played_ever":[{"steamid":"76561198991003290","minutes_played_forever":215}],"owns":[],"in_wishlist":[]}}],["achievements",{"version":2,"data":{"vecHighlight":[],"vecUnachieved":[{"strID":"poyi_5","strName":"暗精灵的破衣","strDescription":"在战斗中完全破坏暗精灵的衣服","strImage":"https://steamcdn-a.akamaihd.net/steamcommunity/public/images/apps/644560/329f5f272c40b778b48251ec2acf622738d001d8.jpg","bAchieved":false,"rtUnlocked":0,"flAchieved":94.19999694824219,"flMinProgress":0,"flCurrentProgress":0,"flMaxProgress":0},{"strID":"LevelUp_2_6","strName":"就是现在Ⅰ","strDescription":"一场战斗合成6个初级技能宝石","strImage":"https://steamcdn-a.akamaihd.net/steamcommunity/public/images/apps/644560/2225427eb6e342f3e9b7a83d1330653bde18a984.jpg","bAchieved":false,"rtUnlocked":0,"flAchieved":94,"flMinProgress":0,"flCurrentProgress":0,"flMaxProgress":0},{"strID":"Damage_1200","strName":"闪亮的暴击","strDescription":"一回合造成伤害   1200","strImage":"https://steamcdn-a.akamaihd.net/steamcommunity/public/images/apps/644560/cc5f0b516f79df108457729725095014b2ad74d3.jpg","bAchieved":false,"rtUnlocked":0,"flAchieved":93.80000305175781,"flMinProgress":0,"flCurrentProgress":0,"flMaxProgress":0},{"strID":"LevelUp_2_12","strName":"就是现在Ⅱ","strDescription":"一场战斗合成12个初级技能宝石","strImage":"https://steamcdn-a.akamaihd.net/steamcommunity/public/images/apps/644560/a853048f8e3acc16e55065c8fb67454fe90acc50.jpg","bAchieved":false,"rtUnlocked":0,"flAchieved":93.5,"flMinProgress":0,"flCurrentProgress":0,"flMaxProgress":0},{"strID":"LevelUp_3_6","strName":"就是现在Ⅲ","strDescription":"一场战斗合成6个高级技能宝石","strImage":"https://steamcdn-a.akamaihd.net/steamcommunity/public/images/apps/644560/583923804d96f95377e9452e4b1938e2fe56b4dd.jpg","bAchieved":false,"rtUnlocked":0,"flAchieved":92.9000015258789,"flMinProgress":0,"flCurrentProgress":0,"flMaxProgress":0},{"strID":"combo_7","strName":"爽快的连击","strDescription":"一回合连击 7","strImage":"https://steamcdn-a.akamaihd.net/steamcommunity/public/images/apps/644560/4c0844e530b20b9997601522da154b0928783376.jpg","bAchieved":false,"rtUnlocked":0,"flAchieved":91.80000305175781,"flMinProgress":0,"flCurrentProgress":0,"flMaxProgress":0},{"strID":"SuperStar_2","strName":"消除达人","strDescription":"一次战斗合成超级技能宝石合成 2个","strImage":"https://steamcdn-a.akamaihd.net/steamcommunity/public/images/apps/644560/f636d31d32e30252d5f2763f999eaccaa6181d91.jpg","bAchieved":false,"rtUnlocked":0,"flAchieved":89.30000305175781,"flMinProgress":0,"flCurrentProgress":0,"flMaxProgress":0},{"strID":"kill_25_5","strName":"隐居的魔鬼","strDescription":"在25回合内战胜暗精灵","strImage":"https://steamcdn-a.akamaihd.net/steamcommunity/public/images/apps/644560/0951568e994b20a711921492c376b3ced03f7a0d.jpg","bAchieved":false,"rtUnlocked":0,"flAchieved":86.80000305175781,"flMinProgress":0,"flCurrentProgress":0,"flMaxProgress":0},{"strID":"combo_11","strName":"暴风聚雨般的连击","strDescription":"一回合连击 11","strImage":"https://steamcdn-a.akamaihd.net/steamcommunity/public/images/apps/644560/691acfca8357cdcfb43b755dc25f9bbd5c7963d0.jpg","bAchieved":false,"rtUnlocked":0,"flAchieved":81.0999984741211,"flMinProgress":0,"flCurrentProgress":0,"flMaxProgress":0},{"strID":"slot_2","strName":"加强火力","strDescription":"解锁2个道具卡槽","strImage":"https://steamcdn-a.akamaihd.net/steamcommunity/public/images/apps/644560/b1b4d070647e01db8f15fa9563a51ae425d14d0f.jpg","bAchieved":false,"rtUnlocked":0,"flAchieved":79.80000305175781,"flMinProgress":0,"flCurrentProgress":0,"flMaxProgress":0},{"strID":"poyi_2","strName":"巫女的破衣","strDescription":"在战斗中完全破坏巫女的衣服","strImage":"https://steamcdn-a.akamaihd.net/steamcommunity/public/images/apps/644560/c98689bf678d9bf7f79d62c9c02234e55919804f.jpg","bAchieved":false,"rtUnlocked":0,"flAchieved":79.19999694824219,"flMinProgress":0,"flCurrentProgress":0,"flMaxProgress":0},{"strID":"wancheng_5","strName":"高贵的黛丝","strDescription":"暗精灵的进度达到200%","strImage":"https://steamcdn-a.akamaihd.net/steamcommunity/public/images/apps/644560/239f9a2799938bdb2f441aff1dc580730a7b6086.jpg","bAchieved":false,"rtUnlocked":0,"flAchieved":77.5999984741211,"flMinProgress":0,"flCurrentProgress":0,"flMaxProgress":0}],"vecAchievedHidden":[],"nTotal":114,"nAchieved":0}}],["achievementmap",{"version":2,"data":"[[\"jieju_4_1\",{\"strName\":\"Another World\",\"strDescription\":\"Complete Ending 1\",\"strImage\":\"https://steamcdn-a.akamaihd.net/steamcommunity/public/images/apps/644560/a9293bc3ad5b7e9aedc4eb60d58bc820b681717e.jpg\",\"bAchieved\":true,\"flAchieved\":49.599998474121094}],[\"jieju_4_2\",{\"strName\":\"It's hidden in your smile\",\"strDescription\":\"Complete Ending 2\",\"strImage\":\"https://steamcdn-a.akamaihd.net/steamcommunity/public/images/apps/644560/0f5a5e1e423a89b830ca4af253645cc7eb123240.jpg\",\"bAchieved\":true,\"flAchieved\":43.599998474121094}],[\"tiaojiao_4_1\",{\"strName\":\"Pleasure of the Priestess\",\"strDescription\":\"Martha's pleasure reaches 1000\",\"strImage\":\"https://steamcdn-a.akamaihd.net/steamcommunity/public/images/apps/644560/25f3b2242397653c3730c77fa1f5242cb7f791e7.jpg\",\"bAchieved\":true,\"flAchieved\":22.5}],[\"jieju_7_1\",{\"strName\":\"C'est La vie!\",\"strDescription\":\"Complete Ending 1\",\"strImage\":\"https://steamcdn-a.akamaihd.net/steamcommunity/public/images/apps/644560/5cdb3fb7ec101580a12cf8f136377ae8d32c0622.jpg\",\"bAchieved\":true,\"flAchieved\":53}],[\"jieju_7_2\",{\"strName\":\"It's clobbering time!\",\"strDescription\":\"Complete Ending 2\",\"strImage\":\"https://steamcdn-a.akamaihd.net/steamcommunity/public/images/apps/644560/f64709ab668e1d6f1d873d78695be6b388ab55d9.jpg\",\"bAchieved\":true,\"flAchieved\":50.29999923706055}],[\"jieju_6_1\",{\"strName\":\"The treasure of the Ancient\",\"strDescription\":\"Complete Ending 1\",\"strImage\":\"https://steamcdn-a.akamaihd.net/steamcommunity/public/images/apps/644560/e50e55a24ca83d0c3486f6756b3ab9e47ee5d41a.jpg\",\"bAchieved\":true,\"flAchieved\":52.5}],[\"jieju_6_2\",{\"strName\":\"The Godess\",\"strDescription\":\"Complete Ending 2\",\"strImage\":\"https://steamcdn-a.akamaihd.net/steamcommunity/public/images/apps/644560/f79681ce65e045b733e5763296882c450d529b22.jpg\",\"bAchieved\":true,\"flAchieved\":45.20000076293945}],[\"poyi_6\",{\"strName\":\"Ebony's Panties\",\"strDescription\":\"Tastes like kiwifruit\",\"strImage\":\"https://steamcdn-a.akamaihd.net/steamcommunity/public/images/apps/644560/bd834636927261897bfd00a8322f27bc1416041f.jpg\",\"bAchieved\":true,\"flAchieved\":49}],[\"poyi_4\",{\"strName\":\"Martha's Panties\",\"strDescription\":\"Tastes like holy water\",\"strImage\":\"https://steamcdn-a.akamaihd.net/steamcommunity/public/images/apps/644560/3a6be104940b6ed71cd05ea8fe464ecf9d30d59f.jpg\",\"bAchieved\":true,\"flAchieved\":46.5}],[\"kill_25_4\",{\"strName\":\"Lord of Nightmare\",\"strDescription\":\"Beat the Priestess under 25 rounds.\",\"strImage\":\"https://steamcdn-a.akamaihd.net/steamcommunity/public/images/apps/644560/410f181ccd35828fac4aa64e42b946583f65909d.jpg\",\"bAchieved\":true,\"flAchieved\":26.899999618530273}],[\"prop_6\",{\"strName\":\"Amateur Collector\",\"strDescription\":\"Have 6 or more items.\",\"strImage\":\"https://steamcdn-a.akamaihd.net/steamcommunity/public/images/apps/644560/2d0276520a548d0d0450eb3467c2cdca032d39f4.jpg\",\"bAchieved\":true,\"flAchieved\":42.29999923706055}],[\"kill_25_7\",{\"strName\":\"It's clobbering time!\",\"strDescription\":\"Beat the Shogun Girl under 25 rounds.\",\"strImage\":\"https://steamcdn-a.akamaihd.net/steamcommunity/public/images/apps/644560/cb3422fa50acd99c62194b622166c753da69cf89.jpg\",\"bAchieved\":true,\"flAchieved\":23.899999618530273}],[\"magic_2\",{\"strName\":\"Magic Up I\",\"strDescription\":\"Upgrade magic attack to lvl 2\",\"strImage\":\"https://steamcdn-a.akamaihd.net/steamcommunity/public/images/apps/644560/d4a4754a03e2df6b305e8363bd76fd53a3b69c7b.jpg\",\"bAchieved\":true,\"flAchieved\":67.19999694824219}],[\"rage_2\",{\"strName\":\"Rage Up I\",\"strDescription\":\"Upgrade rage to lvl 2\",\"strImage\":\"https://steamcdn-a.akamaihd.net/steamcommunity/public/images/apps/644560/7c170695b6e75bd2b2328a21b0b8d5aae911305a.jpg\",\"bAchieved\":true,\"flAchieved\":58.599998474121094}],[\"poyi_7\",{\"strName\":\"Ana's Panties\",\"strDescription\":\"Tastes like Fuji apple\",\"strImage\":\"https://steamcdn-a.akamaihd.net/steamcommunity/public/images/apps/644560/f0e7d6d5c66aae5e96990c33d58550fedc7487cd.jpg\",\"bAchieved\":true,\"flAchieved\":53.70000076293945}],[\"jieju_8_1\",{\"strName\":\"Explorer's newlywed\",\"strDescription\":\"Complete Ending 1\",\"strImage\":\"https://steamcdn-a.akamaihd.net/steamcommunity/public/images/apps/644560/fc91feb597e85a133ef97264d32350a9e310daf7.jpg\",\"bAchieved\":true,\"flAchieved\":58.599998474121094}],[\"poyi_8\",{\"strName\":\"Unita's Panties\",\"strDescription\":\"Tastes like wild rasberry\",\"strImage\":\"https://steamcdn-a.akamaihd.net/steamcommunity/public/images/apps/644560/45635a02e064459dfc06f41d385fa96640084471.jpg\",\"bAchieved\":true,\"flAchieved\":56.70000076293945}],[\"jieju_2_2\",{\"strName\":\"Destruction of Kyoto\",\"strDescription\":\"Complete Ending 2\",\"strImage\":\"https://steamcdn-a.akamaihd.net/steamcommunity/public/images/apps/644560/b1604ae8041130920af4e90bd19fd78e379af230.jpg\",\"bAchieved\":true,\"flAchieved\":62.29999923706055}],[\"tiaojiao_2_2\",{\"strName\":\"Pain of the Alter Maiden\",\"strDescription\":\"Youko's pain reaches 1000\",\"strImage\":\"https://steamcdn-a.akamaihd.net/steamcommunity/public/images/apps/644560/1d874c67708ce122859e50a485e2ad6c3ff91af9.jpg\",\"bAchieved\":true,\"flAchieved\":26.799999237060547}],[\"jieju_1_1\",{\"strName\":\"Admiration in the wind\",\"strDescription\":\"Complete Ending 1\",\"strImage\":\"https://steamcdn-a.akamaihd.net/steamcommunity/public/images/apps/644560/55e3d179a6919cb7b9c37e096a6fae53a3578530.jpg\",\"bAchieved\":true,\"flAchieved\":62.20000076293945}],[\"jieju_1_2\",{\"strName\":\"Patriarch, not father\",\"strDescription\":\"Complete Ending 2\",\"strImage\":\"https://steamcdn-a.akamaihd.net/steamcommunity/public/images/apps/644560/4fcea8e3568c1f043d92f30fd81a07313f52fcdc.jpg\",\"bAchieved\":true,\"flAchieved\":54.5}]]"}],["usernews",{"version":2,"data":["COoHEIe3240GGe88zgEAAHABIZPfaDMBABABKdDVCQAAAAAAUT0vJhqu/ZkrYOi0240G","COoHEN2WrY0GGe88zgEAAHABIZPfaDMBABABKdDVCQAAAAAAUXK8t2wa/ZkrYI2UrY0G"]}],["gameactivity",{"version":3,"data":[]}],["socialmedia",{"version":3,"data":[]}],["associations",{"version":2,"data":{"rgDevelopers":[{"strName":"KAGAMI WORKS","strURL":null}],"rgPublishers":[{"strName":"Paradise Project","strURL":null}],"rgFranchises":[{"strName":"Mirror","strURL":null}]}}],["releasedata",{"version":2}],["descriptions",{"version":1,"data":{"strFullDescription":"這是一款“美少女＋寶石消除＋GALGAME”結合的遊戲。你在异世界里邂逅各种各样的美女：有自認高貴的盜賊精靈，有優柔寡斷的龍女僕，有喜歡著同性的女王，有圈養面首的森林女獵手。与她们战斗时你套路深似海，不擇手段地一一捕獲并进行令人窒息的操作～\r\n\r\n傳說中，有一面神奇的魔鏡，它關聯著無數美麗女性的命運。\r\n如果你獲得它，就能走進這些美麗女性的世界，體驗一段奇妙的旅程。\r\n有出生高貴，卻生性叛逆，喜歡用劫富濟貧來伸張正義的暗精靈盜賊。\r\n有承襲家族使命，驅妖除魔，需要終身侍奉神靈的巫女。\r\n有道觀後山中封印了百年的美女殭屍。\r\n\r\n遊戲特色：\r\n這是一款“美少女＋寶石消除＋RPG”結合的遊戲。\r\n採用傳統三消模式，但是當中加入了可以改變戰局的“技能寶石”。\r\n每種寶石都有自己獨特的技能，出戰之前可以選擇要使用的技能和道具。\r\n遊戲中有一些劇情選項會影響美少女的戰鬥屬性和結局，每個角色有兩個結局和幾張CG。","strSnippet":"這是一款“美少女＋寶石消除＋GALGAME”結合的遊戲。你在异世界里邂逅各种各样的美女，与她们战斗时你套路深似海。这些自認高貴的盜賊精靈，優柔寡斷的龍女僕，喜歡著同性的女王，圈養面首的森林女獵手都被你不擇手段地一一捕獲并进行令人窒息的操作～"}}]]