[["friends",{"version":1,"data":{"in_game":[],"played_recently":[],"played_ever":[{"steamid":"76561198991003290","minutes_played_forever":234}],"owns":[],"in_wishlist":[]}}],["achievementmap",{"version":2,"data":"[]"}],["usernews",{"version":2,"data":[]}],["gameactivity",{"version":3,"data":[]}],["workshop_trendy_items",{"version":2}],["socialmedia",{"version":3,"data":[{"eType":4,"strName":"Numantian Games","strURL":"https://twitter.com/NumantianGames"},{"eType":6,"strName":"Numantian Games","strURL":"https://www.youtube.com/NumantianGames/"}]}],["associations",{"version":2,"data":{"rgDevelopers":[{"strName":"Numantian Games","strURL":"https://store.steampowered.com/developer/NumantianGames"}],"rgPublishers":[{"strName":"Numantian Games","strURL":"https://store.steampowered.com/publisher/NumantianGames"}],"rgFranchises":[]}}],["releasedata",{"version":2}],["descriptions",{"version":1,"data":{"strFullDescription":"[img]https://media.st.dl.pinyuncloud.com/steam/apps/644930/extras/They-Are-Billions---Build-your-colony_600px.jpg?t=1595631876[/img]\r\n\r\n[b]They Are Billions[/b]是一部建设管理聚居地，并从僵尸潮中寻求生机的策略游戏。在遥远的未来，一场僵尸天灾几乎毁灭了人类文明。幸存下来的千百人在末世的一角聚集起来，小心防备着感染者，艰难地生活着。而在这世界上，还有亿万感染者在不知疲倦地游荡。而他们的目标，就是这人类最后的聚居地。\r\n\r\n[h2]战役：新帝国 - 现已发售！[/h2]\r\n[img]https://media.st.dl.pinyuncloud.com/steam/apps/644930/extras/TheNewEmpireBanner_600px.jpg?t=1595631876[/img]\r\n在新帝国领袖奎恩图斯·克兰的领导下，重新夺回被感染者占领的荒废土地。\r\n\r\n[list][*]48个任务，长达60小时的游戏时间。\r\n[*]在被感染的区域内修建殖民地要塞，并生存下去。\r\n[*]指挥帝国军队抵御潮水般的感染者。\r\n[*]使用超过90项科技来强化你的殖民地。\r\n[*]派遣你的英雄探索废弃的古代人类堡垒。\r\n[*]揭秘大灾变背后的真相…这一切是如何发生的？[/list]\r\n\r\n\r\n[h2]生存模式[/h2]\r\n[img]https://media.st.dl.pinyuncloud.com/steam/apps/644930/extras/TheyAreBillions-GuardTowers600px.jpg?t=1595631876[/img]\r\n在生存模式中，玩家要面对的是一个事件、天气、环境、感染者数量都是随机生成的世界，你必须在这个世界里建成一个能抵御数次尸潮的聚居地。这是一种快节奏、令人上瘾的游戏模式，我们计划每周推出一项挑战，玩家们可以在同样的地图条件下进行游戏，得到高分的优秀玩家将登上排行榜。\r\n\r\n[h2]即时含暂停的游戏机制[/h2]\r\n[img]https://media.st.dl.pinyuncloud.com/steam/apps/644930/extras/FeatureRTSPaused.jpg?t=1595631876[/img]\r\n这是一部即时战略游戏，但别担心，[b]你随时可以暂停动作，并选取最优的战略战术决策。[/b]\r\n在暂停模式下，你可以放置建筑、给你的军队下达命令，也可以浏览游戏内的所有信息。\r\n这是个以策略为主的游戏，无意考验玩家记忆几十个快捷键位并快速按下正确按键的能力。暂停时间来尽情游玩吧！\r\n\r\n[h2]建设你的聚居地[/h2]\r\n[img]https://media.st.dl.pinyuncloud.com/steam/apps/644930/extras/They-Are-Billions---Foundry600px.jpg?t=1595631876[/img]\r\n为聚居地居民们建造住所、获取食物。他们会在此生活、在此劳作。\r\n通过各种建筑来收集资源，升级建筑会提升收集效率。\r\n通过放置特斯拉塔来扩大聚居地的能源辐射范围，建造发电厂与风车来为你的建筑提供能源。\r\n建造围墙、门、塔楼与其他建筑来保卫聚居地并瞭望四周，别让感染者们“接管”你的聚居地！\r\n\r\n[h2]组建军队[/h2]\r\n[img]https://media.st.dl.pinyuncloud.com/steam/apps/644930/extras/FeatureArmy.jpg?t=1595631876[/img]\r\n谁敢与感染者一战？\r\n只有那些最疯狂的家伙才敢与感染者较量一番。训练或雇佣佣兵来保护聚居地，你需要为他们提供金钱与食物，还得忍受他们的抱怨与谩骂，但这些久经沙场的英雄们会成为你对抗感染者的利刃。\r\n每一个单位都有着独一无二的技能与个性——去了解他们吧！\r\n\r\n[h2]同屏可容纳上千感染者单位[/h2]\r\n[img]https://media.st.dl.pinyuncloud.com/steam/apps/644930/extras/LucifersInTheDesert600px.jpg?t=1595631876[/img]\r\n没错！亿万之众！感染者存在于世界的每一个角落…他们游荡、嗅探、聆听，每个都有着自己的AI。制造声响引他们过来——杀死他们以便开采石油资源，但要小心，更多的感染者会随之而来。\r\n我们设计的游戏引擎可同时处理成千上万的感染者单位，最多可同时容纳20,000名感染者。\r\n你以为聚居地是安乐窝吗？大量的感染者将如潮水般袭来。但愿你的聚居地能够挺过他们的攻势！\r\n\r\n[h2]避免感染[/h2]\r\n[img]https://media.st.dl.pinyuncloud.com/steam/apps/644930/extras/FeatureInfection.jpg?t=1595631876[/img]\r\n只要一个感染者闯入我们的建筑，居于其间的居民和工人都会被感染。被感染的人会迅速跑去感染更多的建筑。必须及时扼杀感染，不然，他们会以指数形式增长，让一切失控。\r\n\r\n[h2]华丽的4K图像![/h2]\r\n[img]https://media.st.dl.pinyuncloud.com/steam/apps/644930/extras/Feature4K.jpg?t=1595631876[/img]\r\n准备好享受超高质量的图像吧！我们的美术创作者们绘制了大量的艺术作品：每一种建筑都有着自己独有的、华丽而细致的动画效果，数千帧动画带来了流畅到极致的动作，也描绘了维多利亚时代的蒸汽朋克世界的一切景象！","strSnippet":"《They Are Billions》是一部蒸汽朋克风格的策略游戏，它发生在一颗被灭世浩劫摧残过的星球之上。建设幸存者聚居地，并对抗想撕碎所有生者的亿万感染者。僵尸天灾已过，人类能否幸存？"}}],["achievements",{"version":2,"data":{"vecHighlight":[],"vecUnachieved":[{"strID":"GiantSlayer_1","strName":"巨人敌手","strDescription":"击杀一只僵尸巨人。","strImage":"https://steamcdn-a.akamaihd.net/steamcommunity/public/images/apps/644930/8b7a4d10551b0d542d5ab176cc0513c02e44419b.jpg","bAchieved":false,"rtUnlocked":0,"flAchieved":0,"flMinProgress":0,"flCurrentProgress":0,"flMaxProgress":0},{"strID":"GiantSlayer_2","strName":"巨人猎手","strDescription":"在同一地图击杀两只僵尸巨人。","strImage":"https://steamcdn-a.akamaihd.net/steamcommunity/public/images/apps/644930/b95a2fcdcd0398752ed55d2e8ab84d3d5a690d7c.jpg","bAchieved":false,"rtUnlocked":0,"flAchieved":0,"flMinProgress":0,"flCurrentProgress":0,"flMaxProgress":0},{"strID":"GiantSlayer_3","strName":"巨人杀手","strDescription":"在同一地图击杀三只僵尸巨人。","strImage":"https://steamcdn-a.akamaihd.net/steamcommunity/public/images/apps/644930/3e76a4bcaf557c2f375cf96903455a4170d8810a.jpg","bAchieved":false,"rtUnlocked":0,"flAchieved":0,"flMinProgress":0,"flCurrentProgress":0,"flMaxProgress":0},{"strID":"InfectedKiller_100K","strName":"势如破竹","strDescription":"击杀十万只感染者!","strImage":"https://steamcdn-a.akamaihd.net/steamcommunity/public/images/apps/644930/c23948ac4a1e05f899b4a58605e0ae54d9400f36.jpg","bAchieved":false,"rtUnlocked":0,"flAchieved":0,"flMinProgress":50000,"flCurrentProgress":0,"flMaxProgress":100000},{"strID":"InfectedKiller_100M","strName":"仁者无敌","strDescription":"击杀一亿只感染者!","strImage":"https://steamcdn-a.akamaihd.net/steamcommunity/public/images/apps/644930/0d2095a8fc26cb90a39a4406cc30a760cbf4cbba.jpg","bAchieved":false,"rtUnlocked":0,"flAchieved":0,"flMinProgress":50000000,"flCurrentProgress":0,"flMaxProgress":100000000},{"strID":"InfectedKiller_10K","strName":"初露峥嵘","strDescription":"击杀一万只感染者!","strImage":"https://steamcdn-a.akamaihd.net/steamcommunity/public/images/apps/644930/615c7697bf3f807c4a5b041a56c7802a50f875f5.jpg","bAchieved":false,"rtUnlocked":0,"flAchieved":0,"flMinProgress":0,"flCurrentProgress":0,"flMaxProgress":10000},{"strID":"InfectedKiller_10M","strName":"白骨露野","strDescription":"击杀一千万只感染者!","strImage":"https://steamcdn-a.akamaihd.net/steamcommunity/public/images/apps/644930/8c47b9214c7d8c6f23faeaf16220ce2c8bbd1854.jpg","bAchieved":false,"rtUnlocked":0,"flAchieved":0,"flMinProgress":5000000,"flCurrentProgress":0,"flMaxProgress":10000000},{"strID":"InfectedKiller_1M","strName":"百战不殆","strDescription":"击杀一百万只感染者!","strImage":"https://steamcdn-a.akamaihd.net/steamcommunity/public/images/apps/644930/cf0a0d029076d4bd84262fca68f3171b37314df2.jpg","bAchieved":false,"rtUnlocked":0,"flAchieved":0,"flMinProgress":500000,"flCurrentProgress":0,"flMaxProgress":1000000},{"strID":"InfectedKiller_2M","strName":"烽火连年","strDescription":"击杀两百万只感染者!","strImage":"https://steamcdn-a.akamaihd.net/steamcommunity/public/images/apps/644930/6ff544d67427478edc5394a63e4523be0c735be2.jpg","bAchieved":false,"rtUnlocked":0,"flAchieved":0,"flMinProgress":1000000,"flCurrentProgress":0,"flMaxProgress":2000000},{"strID":"InfectedKiller_500K","strName":"所向披靡","strDescription":"击杀五十万只感染者!","strImage":"https://steamcdn-a.akamaihd.net/steamcommunity/public/images/apps/644930/57f75af42eed148ea6387c963ef02ba8620a0eb4.jpg","bAchieved":false,"rtUnlocked":0,"flAchieved":0,"flMinProgress":100000,"flCurrentProgress":0,"flMaxProgress":500000},{"strID":"InfectedKiller_50K","strName":"灭此朝食","strDescription":"击杀五万只感染者!","strImage":"https://steamcdn-a.akamaihd.net/steamcommunity/public/images/apps/644930/5145a7e70eff1ef71ab54040d6f711511cc9269e.jpg","bAchieved":false,"rtUnlocked":0,"flAchieved":0,"flMinProgress":10000,"flCurrentProgress":0,"flMaxProgress":50000},{"strID":"InfectedKiller_50M","strName":"清平四方","strDescription":"击杀五千万只感染者!","strImage":"https://steamcdn-a.akamaihd.net/steamcommunity/public/images/apps/644930/956b2b24ed96d5c436dc3fbf66be9f23ef2d7823.jpg","bAchieved":false,"rtUnlocked":0,"flAchieved":0,"flMinProgress":10000000,"flCurrentProgress":0,"flMaxProgress":50000000}],"vecAchievedHidden":[],"nTotal":34,"nAchieved":0}}]]