[["achievementmap",{"version":2,"data":"[]"}],["usernews",{"version":2,"data":[]}],["gameactivity",{"version":3,"data":[]}],["achievements",{"version":2,"data":{"vecHighlight":[],"vecUnachieved":[{"strID":"A_AD_10","strName":"广而告之","strDescription":"为工坊刊登5次广告。","strImage":"https://steamcdn-a.akamaihd.net/steamcommunity/public/images/apps/666140/f37603ee69ebe484409b963fe6096948ad8b2408.jpg","bAchieved":false,"rtUnlocked":0,"flAchieved":0,"flMinProgress":0,"flCurrentProgress":0,"flMaxProgress":0},{"strID":"A_ENTER_MININGAREA_1","strName":"下井！","strDescription":"第一次进入遗迹。","strImage":"https://steamcdn-a.akamaihd.net/steamcommunity/public/images/apps/666140/f37603ee69ebe484409b963fe6096948ad8b2408.jpg","bAchieved":false,"rtUnlocked":0,"flAchieved":0,"flMinProgress":0,"flCurrentProgress":0,"flMaxProgress":0},{"strID":"A_FOUNDSECRETROOM_1","strName":"遗迹探索者","strDescription":"发现1个遗迹中的神秘房间。","strImage":"https://steamcdn-a.akamaihd.net/steamcommunity/public/images/apps/666140/f37603ee69ebe484409b963fe6096948ad8b2408.jpg","bAchieved":false,"rtUnlocked":0,"flAchieved":0,"flMinProgress":0,"flCurrentProgress":0,"flMaxProgress":0},{"strID":"A_MARRY","strName":"喜结连理","strDescription":"恭喜！","strImage":"https://steamcdn-a.akamaihd.net/steamcommunity/public/images/apps/666140/f37603ee69ebe484409b963fe6096948ad8b2408.jpg","bAchieved":false,"rtUnlocked":0,"flAchieved":0,"flMinProgress":0,"flCurrentProgress":0,"flMaxProgress":0},{"strID":"A_OPENCHEST_50","strName":"寻宝者","strDescription":"打开50个宝箱。","strImage":"https://steamcdn-a.akamaihd.net/steamcommunity/public/images/apps/666140/f37603ee69ebe484409b963fe6096948ad8b2408.jpg","bAchieved":false,"rtUnlocked":0,"flAchieved":0,"flMinProgress":0,"flCurrentProgress":0,"flMaxProgress":0},{"strID":"A_Party_1","strName":"举办宴会","strDescription":"举办一次宴会。","strImage":"https://steamcdn-a.akamaihd.net/steamcommunity/public/images/apps/666140/f37603ee69ebe484409b963fe6096948ad8b2408.jpg","bAchieved":false,"rtUnlocked":0,"flAchieved":0,"flMinProgress":0,"flCurrentProgress":0,"flMaxProgress":0},{"strID":"A_PASSALLDUNGEN","strName":"遗迹清扫员","strDescription":"通关一座危险遗迹的全部层级。","strImage":"https://steamcdn-a.akamaihd.net/steamcommunity/public/images/apps/666140/f37603ee69ebe484409b963fe6096948ad8b2408.jpg","bAchieved":false,"rtUnlocked":0,"flAchieved":0,"flMinProgress":0,"flCurrentProgress":0,"flMaxProgress":0},{"strID":"A_TrialRuins_0","strName":"初涉险境","strDescription":"进入试炼遗迹。","strImage":"https://steamcdn-a.akamaihd.net/steamcommunity/public/images/apps/666140/599246039a9a864975ee1c4bce4e2cd98dff5287.jpg","bAchieved":false,"rtUnlocked":0,"flAchieved":0,"flMinProgress":0,"flCurrentProgress":0,"flMaxProgress":0},{"strID":"A_TrialRuins_10","strName":"小菜一碟","strDescription":"通关试炼遗迹的第10层。","strImage":"https://steamcdn-a.akamaihd.net/steamcommunity/public/images/apps/666140/f37603ee69ebe484409b963fe6096948ad8b2408.jpg","bAchieved":false,"rtUnlocked":0,"flAchieved":0,"flMinProgress":0,"flCurrentProgress":0,"flMaxProgress":0},{"strID":"A_TrialRuins_AllBuff","strName":"全能战士","strDescription":"在试炼遗迹中，食用过饮料贩卖机中的所有食物。","strImage":"https://steamcdn-a.akamaihd.net/steamcommunity/public/images/apps/666140/f37603ee69ebe484409b963fe6096948ad8b2408.jpg","bAchieved":false,"rtUnlocked":0,"flAchieved":0,"flMinProgress":0,"flCurrentProgress":0,"flMaxProgress":0},{"strID":"A_TrialRuins_NoBuff50","strName":"铁人","strDescription":"不使用饮料贩卖机，通关试炼遗迹50层以上关卡的任意一层。","strImage":"https://steamcdn-a.akamaihd.net/steamcommunity/public/images/apps/666140/f37603ee69ebe484409b963fe6096948ad8b2408.jpg","bAchieved":false,"rtUnlocked":0,"flAchieved":0,"flMinProgress":0,"flCurrentProgress":0,"flMaxProgress":0},{"strID":"B_EXPAND_HOME_6","strName":"地产大亨","strDescription":"把工坊土地面积扩建到最大。","strImage":"https://steamcdn-a.akamaihd.net/steamcommunity/public/images/apps/666140/f37603ee69ebe484409b963fe6096948ad8b2408.jpg","bAchieved":false,"rtUnlocked":0,"flAchieved":0,"flMinProgress":0,"flCurrentProgress":0,"flMaxProgress":0}],"vecAchievedHidden":[],"nTotal":91,"nAchieved":0}}]]