[["achievementmap",{"version":2,"data":"[]"}],["usernews",{"version":2,"data":[]}],["gameactivity",{"version":3,"data":[]}],["socialmedia",{"version":3,"data":[{"eType":4,"strName":"HITMAN 2","strURL":"https://twitter.com/Hitman"},{"eType":5,"strName":"iointeractive","strURL":"https://www.twitch.tv/iointeractive"},{"eType":6,"strName":"HITMAN","strURL":"https://www.youtube.com/hitman/"},{"eType":7,"strName":"Hitman","strURL":"https://www.facebook.com/hitman/"}]}],["associations",{"version":2,"data":{"rgDevelopers":[{"strName":"IO Interactive A/S","strURL":null}],"rgPublishers":[{"strName":"IO Interactive A/S","strURL":null}],"rgFranchises":[{"strName":"Hitman","strURL":null}]}}],["releasedata",{"version":2}],["descriptions",{"version":1,"data":{"strFullDescription":"[h2]HYPER DETAILED SANDBOX LOCATIONS[/h2]\r\nTravel to exotic locations around the world and experience rich and detailed environments that are packed full of opportunities. From a high-powered car race in Miami to the hot streets of Mumbai and the dangerous Colombian rainforests, each HITMAN 2 location has been meticulously crafted with an extremely high level of fidelity.\r\n\r\n[img]https://cdn.akamai.steamstatic.com/steam/apps/863550/extras/Sandbox_Locations.gif?t=1637064668[/img]\r\n\r\n[h2]FREEDOM OF APPROACH[/h2]\r\nYou’re in full control and the world will react to whatever you do. Use stealth techniques, improvisation and all your creativity to take down your targets in spectacular and ingenious ways utilizing an assortment of tools, weapons and unexpected disguises.\r\n\r\n[img]https://cdn.akamai.steamstatic.com/steam/apps/863550/extras/Freedom_of_Approach.gif?t=1637064668[/img]","strSnippet":"Travel the globe and track your targets across exotic sandbox locations in HITMAN™ 2. From sun-drenched streets to dark and dangerous rainforests, nowhere is safe from the world’s most creative assassin, Agent 47 in the ultimate spy thriller story."}}],["achievements",{"version":2,"data":{"vecHighlight":[],"vecUnachieved":[{"strID":"ACH_17","strName":"Infiltrator","strDescription":"Complete Nightcall.","strImage":"https://steamcdn-a.akamaihd.net/steamcommunity/public/images/apps/863550/ae37bb65fb34341a36770f7b92b5370ff6aa66a2.jpg","bAchieved":false,"rtUnlocked":0,"flAchieved":46.599998474121094,"flMinProgress":0,"flCurrentProgress":0,"flMaxProgress":0},{"strID":"ACH_16","strName":"Unseen Assassin","strDescription":"Assassinate a Target without getting spotted.","strImage":"https://steamcdn-a.akamaihd.net/steamcommunity/public/images/apps/863550/ded3d77edc8b5d98d2f41bb44885497d55e0400c.jpg","bAchieved":false,"rtUnlocked":0,"flAchieved":37.5,"flMinProgress":0,"flCurrentProgress":0,"flMaxProgress":0},{"strID":"ACH_9","strName":"Chameleon","strDescription":"Change your disguise during The Final Test.","strImage":"https://steamcdn-a.akamaihd.net/steamcommunity/public/images/apps/863550/4446bea006e0c1fc3ed96ea644bd8e9ece208803.jpg","bAchieved":false,"rtUnlocked":0,"flAchieved":28.100000381469727,"flMinProgress":0,"flCurrentProgress":0,"flMaxProgress":0},{"strID":"ACH_1","strName":"Cleared for Field Duty","strDescription":"Complete The Final Test in the Prologue.","strImage":"https://steamcdn-a.akamaihd.net/steamcommunity/public/images/apps/863550/3d1efc77644a0b49f745ebe731adf897e172f8f9.jpg","bAchieved":false,"rtUnlocked":0,"flAchieved":26.5,"flMinProgress":0,"flCurrentProgress":0,"flMaxProgress":0},{"strID":"ACH_24","strName":"Damage Control","strDescription":"Complete The Finish Line.","strImage":"https://steamcdn-a.akamaihd.net/steamcommunity/public/images/apps/863550/bdcc63033add2161d890a8ec2482d39c2e1f32c5.jpg","bAchieved":false,"rtUnlocked":0,"flAchieved":25.899999618530273,"flMinProgress":0,"flCurrentProgress":0,"flMaxProgress":0},{"strID":"ACH_2","strName":"Seizing the Opportunity","strDescription":"Complete any Mission Story in The Final Test.","strImage":"https://steamcdn-a.akamaihd.net/steamcommunity/public/images/apps/863550/d81caf676ee9e8d38b94b46171d024fe81949ab8.jpg","bAchieved":false,"rtUnlocked":0,"flAchieved":25.5,"flMinProgress":0,"flCurrentProgress":0,"flMaxProgress":0},{"strID":"ACH_0","strName":"The Result of Previous Training","strDescription":"Complete Freeform Training in the Prologue.","strImage":"https://steamcdn-a.akamaihd.net/steamcommunity/public/images/apps/863550/89d35dd342bec21222701ba06fb9c60cd186180e.jpg","bAchieved":false,"rtUnlocked":0,"flAchieved":24.899999618530273,"flMinProgress":0,"flCurrentProgress":0,"flMaxProgress":0},{"strID":"ACH_15","strName":"Tools of the Trade","strDescription":"Assassinate Targets with Ballistic, Accident and Explosion Kills.","strImage":"https://steamcdn-a.akamaihd.net/steamcommunity/public/images/apps/863550/a3ba47555d0417f4757a6bb75783bf2e4252a761.jpg","bAchieved":false,"rtUnlocked":0,"flAchieved":22.399999618530273,"flMinProgress":0,"flCurrentProgress":0,"flMaxProgress":0},{"strID":"ACH_31","strName":"Tactical Strike","strDescription":"Complete Three-Headed Serpent.","strImage":"https://steamcdn-a.akamaihd.net/steamcommunity/public/images/apps/863550/2326c67186482f2b608a45009dd551e75b1b8949.jpg","bAchieved":false,"rtUnlocked":0,"flAchieved":22,"flMinProgress":0,"flCurrentProgress":0,"flMaxProgress":0},{"strID":"ACH_38","strName":"Pirate Hunter","strDescription":"Complete Chasing a Ghost.","strImage":"https://steamcdn-a.akamaihd.net/steamcommunity/public/images/apps/863550/c902592539c4618260a28ebe4472a55ee9f1b2f6.jpg","bAchieved":false,"rtUnlocked":0,"flAchieved":19,"flMinProgress":0,"flCurrentProgress":0,"flMaxProgress":0},{"strID":"ACH_45","strName":"Long Shot","strDescription":"Complete Another Life.","strImage":"https://steamcdn-a.akamaihd.net/steamcommunity/public/images/apps/863550/d1e0c45b748ab37054426f79708fd2d928046bf9.jpg","bAchieved":false,"rtUnlocked":0,"flAchieved":18,"flMinProgress":0,"flCurrentProgress":0,"flMaxProgress":0},{"strID":"ACH_62","strName":"Lone Wolf","strDescription":"Complete The Last Yardbird in Single Player.","strImage":"https://steamcdn-a.akamaihd.net/steamcommunity/public/images/apps/863550/1b2eb99f9493233837e735d6eedaf684bde81aa0.jpg","bAchieved":false,"rtUnlocked":0,"flAchieved":16.600000381469727,"flMinProgress":0,"flCurrentProgress":0,"flMaxProgress":0}],"vecAchievedHidden":[],"nTotal":146,"nAchieved":0}}]]