[["friends",{"version":1,"data":{"in_game":[],"played_recently":[],"played_ever":[{"steamid":"76561198991003290","minutes_played_forever":39}],"owns":[],"in_wishlist":[]}}],["achievementmap",{"version":2,"data":"[]"}],["usernews",{"version":2,"data":[]}],["gameactivity",{"version":3,"data":[]}],["socialmedia",{"version":3,"data":[{"eType":4,"strName":"Sekai Project","strURL":"https://twitter.com/sekaiproject"},{"eType":5,"strName":"sekaiproject","strURL":"https://www.twitch.tv/sekaiproject"},{"eType":6,"strName":"Sekai Project","strURL":"https://www.youtube.com/sekaiproject/"},{"eType":7,"strName":"Sekai Project","strURL":"https://www.facebook.com/SekaiProject/"}]}],["associations",{"version":2,"data":{"rgDevelopers":[{"strName":"NEKO WORKs","strURL":"https://store.steampowered.com/developer/nekoworks"}],"rgPublishers":[{"strName":"Sekai Project","strURL":"https://store.steampowered.com/publisher/sekaiproject"}],"rgFranchises":[]}}],["releasedata",{"version":2}],["descriptions",{"version":1,"data":{"strFullDescription":"[b]STORY[/b]\r\n\r\nAbout half a year before the opening of the patisserie, La Soleil where the catgirls work with Kashou. \r\nBack when Chocola and Vanilla were still kittens when they first arrived at the Minaduki household and before they opened up to the other catgirls.\r\nIt's then that they gradually began to call Kashou &quot;master&quot;, experienced their first Christmas, and shared a promise with Kashou. \r\n\r\n[b]ABOUT THE GAME[/b]\r\n\r\nNEKOPARA Extra is an extra episode in the NEKOPARA visual novel series that was part of a stretch goal from the NEKOPARA OVA crowdfunding campaign! The lovable catgirls, Chocola and Vanilla, are back and this time the story focuses on their first arrival at the Minaduki household before the events of NEKOPARA Vol. 1.\r\n\r\n[*]Featuring the gorgeous artwork of Sayori, popular illustrator and creator of the NEKOPARA series\r\n[*]Characters spring to life using the E-mote animation system\r\n[*]Play in two different languages! Choose a main language (English, Japanese, Traditional Chinese) and choose a subtitle language as well.\r\n[*]Prequel to the popular NEKOPARA series.","strSnippet":"About half a year before the opening of the patisserie, La Soleil where the catgirls work with Kashou. Back when Chocola and Vanilla were still kittens when they first arrived at the Minaduki household and before they opened up to the other catgirls."}}],["achievements",{"version":2,"data":{"vecHighlight":[],"vecUnachieved":[{"strID":"NEW_ACHIEVEMENT_1_0","strName":"Begin ","strDescription":"Good Morning","strImage":"https://steamcdn-a.akamaihd.net/steamcommunity/public/images/apps/899970/33266a5d9ca8e16059c9082456021ed98330d5b4.jpg","bAchieved":false,"rtUnlocked":0,"flAchieved":82.5999984741211,"flMinProgress":0,"flCurrentProgress":0,"flMaxProgress":0},{"strID":"NEW_ACHIEVEMENT_1_1","strName":"Play it in Chinese!","strDescription":"Try playing it in Chinese!","strImage":"https://steamcdn-a.akamaihd.net/steamcommunity/public/images/apps/899970/fe82be9592caafa1b1b3079a290dc0f49a8a9e8d.jpg","bAchieved":false,"rtUnlocked":0,"flAchieved":68.9000015258789,"flMinProgress":0,"flCurrentProgress":0,"flMaxProgress":0},{"strID":"NEW_ACHIEVEMENT_1_5","strName":"Pet Vanilla","strDescription":"Petted Vanilla","strImage":"https://steamcdn-a.akamaihd.net/steamcommunity/public/images/apps/899970/73fc49dabc0c3cfb00fda59ec64906346bf90747.jpg","bAchieved":false,"rtUnlocked":0,"flAchieved":53.900001525878906,"flMinProgress":0,"flCurrentProgress":0,"flMaxProgress":0},{"strID":"NEW_ACHIEVEMENT_1_4","strName":"Pet Chocola","strDescription":"Petted Chocola","strImage":"https://steamcdn-a.akamaihd.net/steamcommunity/public/images/apps/899970/093b6990ffc84b0745adf15981df6307bfaf07ea.jpg","bAchieved":false,"rtUnlocked":0,"flAchieved":53.79999923706055,"flMinProgress":0,"flCurrentProgress":0,"flMaxProgress":0},{"strID":"NEW_ACHIEVEMENT_1_6","strName":"Pet Shigure","strDescription":"Petted Shigure","strImage":"https://steamcdn-a.akamaihd.net/steamcommunity/public/images/apps/899970/eccb7e74ab6b4bdf37d4cdb2d7de760723b6b898.jpg","bAchieved":false,"rtUnlocked":0,"flAchieved":50.20000076293945,"flMinProgress":0,"flCurrentProgress":0,"flMaxProgress":0},{"strID":"NEW_ACHIEVEMENT_1_8","strName":"Pet Azuki","strDescription":"Petted Azuki","strImage":"https://steamcdn-a.akamaihd.net/steamcommunity/public/images/apps/899970/b487c028f3cfd979e229ba5b05c3bd2cfbfb12c8.jpg","bAchieved":false,"rtUnlocked":0,"flAchieved":49.79999923706055,"flMinProgress":0,"flCurrentProgress":0,"flMaxProgress":0},{"strID":"NEW_ACHIEVEMENT_1_12","strName":"Clear","strDescription":"Merry Christmas!","strImage":"https://steamcdn-a.akamaihd.net/steamcommunity/public/images/apps/899970/70070f6937e039940c68d932074108bb56dea7c1.jpg","bAchieved":false,"rtUnlocked":0,"flAchieved":48.70000076293945,"flMinProgress":0,"flCurrentProgress":0,"flMaxProgress":0},{"strID":"NEW_ACHIEVEMENT_1_7","strName":"Pet Maple","strDescription":"Petted Maple","strImage":"https://steamcdn-a.akamaihd.net/steamcommunity/public/images/apps/899970/649eac8a9249880aff4220e357101985e2658489.jpg","bAchieved":false,"rtUnlocked":0,"flAchieved":48.400001525878906,"flMinProgress":0,"flCurrentProgress":0,"flMaxProgress":0},{"strID":"NEW_ACHIEVEMENT_1_9","strName":"Pet Coconut","strDescription":"Petted Coconut","strImage":"https://steamcdn-a.akamaihd.net/steamcommunity/public/images/apps/899970/b6aa5ce402360809abd9cae8606b73fca7ee9e58.jpg","bAchieved":false,"rtUnlocked":0,"flAchieved":48.29999923706055,"flMinProgress":0,"flCurrentProgress":0,"flMaxProgress":0},{"strID":"NEW_ACHIEVEMENT_1_10","strName":"Pet Cinnamon","strDescription":"Petted Cinnamon","strImage":"https://steamcdn-a.akamaihd.net/steamcommunity/public/images/apps/899970/b2e02702d95d8520f899b39e2d543a983952eb28.jpg","bAchieved":false,"rtUnlocked":0,"flAchieved":48.20000076293945,"flMinProgress":0,"flCurrentProgress":0,"flMaxProgress":0},{"strID":"NEW_ACHIEVEMENT_1_3","strName":"Play it in Japanese!","strDescription":"Try playing it in Japanese!","strImage":"https://steamcdn-a.akamaihd.net/steamcommunity/public/images/apps/899970/8841e475dceea49b7122550f9fc3ceb794738ca8.jpg","bAchieved":false,"rtUnlocked":0,"flAchieved":42,"flMinProgress":0,"flCurrentProgress":0,"flMaxProgress":0},{"strID":"NEW_ACHIEVEMENT_1_2","strName":"Play it in English!","strDescription":"Try playing it in English!","strImage":"https://steamcdn-a.akamaihd.net/steamcommunity/public/images/apps/899970/6a3c681301cb4ffb7764e481cd9bf2dd5ae9bc68.jpg","bAchieved":false,"rtUnlocked":0,"flAchieved":40.400001525878906,"flMinProgress":0,"flCurrentProgress":0,"flMaxProgress":0}],"vecAchievedHidden":[],"nTotal":13,"nAchieved":0}}]]