[["achievements",{"version":2,"data":{"vecHighlight":[],"vecUnachieved":[],"vecAchievedHidden":[],"nTotal":0,"nAchieved":0}}],["achievementmap",{"version":2,"data":"[]"}],["usernews",{"version":2,"data":["CAMQkLXQjQYZNRs4MgEAEAEhAAAAAAAAAAApAAAAAAAAAAAwotAS"]}],["gameactivity",{"version":3,"data":[]}],["socialmedia",{"version":3,"data":[]}],["associations",{"version":2,"data":{"rgDevelopers":[{"strName":"Ubisoft Montreal","strURL":"https://store.steampowered.com/developer/ubisoft"},{"strName":"Ubisoft Kiev","strURL":null},{"strName":"Ubisoft Shanghai","strURL":null}],"rgPublishers":[{"strName":"Ubisoft","strURL":"https://store.steampowered.com/publisher/ubisoft"}],"rgFranchises":[{"strName":"Far Cry","strURL":"https://store.steampowered.com/franchise/FarCry"}]}}],["releasedata",{"version":2}],["descriptions",{"version":1,"data":{"strFullDescription":"Dive into a transformed vibrant post-apocalyptic Hope County, Montana, 17 years after a global nuclear catastrophe.\r\nJoin fellow survivors and lead the fight against the dangerous new threat the Highwaymen, and their ruthless leaders The Twins, as they seek to take over the last remaining resources. \r\n\r\n[img]https://cdn.cloudflare.steamstatic.com/steam/apps/939960/extras/FC_BOWMORE_STEAM_STANDARD_1_UK.jpg?t=1602603132[/img]\r\nFIGHT FOR SURVIVAL IN A POST-APOCALYPTIC WORLD\r\n• Take up arms on your own or with a friend in two player co-op in an unpredictable and transformed world\r\n\r\n[img]https://cdn.cloudflare.steamstatic.com/steam/apps/939960/extras/FC_BOWMORE_STEAM_STANDARD_4_UK.jpg?t=1602603132[/img]\r\nCOLLIDE AGAINST TWO ALL NEW VILLAINS\r\n• Recruit an eclectic cast of Guns and Fangs for Hire and form alliances to fight by your side against the Highwaymen's unruly leaders The Twins\r\n\r\n[img]https://cdn.cloudflare.steamstatic.com/steam/apps/939960/extras/FC_BOWMORE_STEAM_STANDARD_2_UK.jpg?t=1602603132[/img]\r\nBUILD UP YOUR HOMEBASE AND THE SURVIVORS\r\n• Recruit Specialists to upgrade your homebase, who will help unlock all new features including crafting weapons, gear and more\r\n\r\n[img]https://cdn.cloudflare.steamstatic.com/steam/apps/939960/extras/FC_BOWMORE_STEAM_STANDARD_3_UK.jpg?t=1602603132[/img]\r\nBATTLE FOR RESOURCES IN HOPE COUNTY AND BEYOND\r\n• Engage the Highwaymen in Turf Wars and venture on Expeditions to memorable locations across the USA","strSnippet":"Dive into a transformed vibrant post-apocalyptic Hope County, Montana, 17 years after a global nuclear catastrophe. Lead the fight against the Highwaymen, as they seek to take over the last remaining resources."}}]]