[["achievements",{"version":2,"data":{"vecHighlight":[{"strID":"task_complete_medium","strName":"经理","strDescription":"总计完成 100 次任务","strImage":"https://steamcdn-a.akamaihd.net/steamcommunity/public/images/apps/945360/fb8ff2604057a9cc13acf74166c52ff945354803.jpg","bAchieved":true,"rtUnlocked":1640415323,"flMinProgress":0,"flCurrentProgress":0,"flMaxProgress":0,"flAchieved":2.4000000953674316},{"strID":"wins_polus","strName":"证据确凿","strDescription":"在 Polus 获胜 3 次","strImage":"https://steamcdn-a.akamaihd.net/steamcommunity/public/images/apps/945360/4d3d812ce857674d5013fb8c499bfacfd063277c.jpg","bAchieved":true,"rtUnlocked":1640404118,"flMinProgress":0,"flCurrentProgress":0,"flMaxProgress":0,"flAchieved":3.4000000953674316},{"strID":"wins_airship","strName":"高帽船员帮","strDescription":"在 Airship 获胜 3 次","strImage":"https://steamcdn-a.akamaihd.net/steamcommunity/public/images/apps/945360/78c3fd6c3f272601db4023d546f4e0879c3880c3.jpg","bAchieved":true,"rtUnlocked":1640314182,"flMinProgress":0,"flCurrentProgress":0,"flMaxProgress":0,"flAchieved":1.5},{"strID":"win_always_correct_votes","strName":"神探福尔摩斯","strDescription":"以船员身份在将每一票都投给伪装者的情况下取得胜利","strImage":"https://steamcdn-a.akamaihd.net/steamcommunity/public/images/apps/945360/970151abaa23e371daaea0423122126184346103.jpg","bAchieved":true,"rtUnlocked":1640046116,"flMinProgress":0,"flCurrentProgress":0,"flMaxProgress":0,"flAchieved":11.5},{"strID":"wins_mira","strName":"全面封锁","strDescription":"在 MIRA 获胜 3 次","strImage":"https://steamcdn-a.akamaihd.net/steamcommunity/public/images/apps/945360/144c10dcf276eaffe8a7c03553c7d8a63c0de116.jpg","bAchieved":true,"rtUnlocked":1637992405,"flMinProgress":0,"flCurrentProgress":0,"flMaxProgress":0,"flAchieved":1.7999999523162842},{"strID":"win_sabotage","strName":"破坏王","strDescription":"以伪装者身份造成严重破坏来取得胜利","strImage":"https://steamcdn-a.akamaihd.net/steamcommunity/public/images/apps/945360/6062188e86a7cf3c7ef46f0b3e575861a26bbb46.jpg","bAchieved":true,"rtUnlocked":1636864252,"flMinProgress":0,"flCurrentProgress":0,"flMaxProgress":0,"flAchieved":2},{"strID":"kill_during_lights","strName":"暗藏杀机","strDescription":"在照明毁损期间杀死一个人","strImage":"https://steamcdn-a.akamaihd.net/steamcommunity/public/images/apps/945360/6d53ce190945abd26dc4d5cf265cda396196e736.jpg","bAchieved":true,"rtUnlocked":1636864066,"flMinProgress":0,"flCurrentProgress":0,"flMaxProgress":0,"flAchieved":6.099999904632568},{"strID":"kills_easy","strName":"杀手","strDescription":"总计杀死 5 个人","strImage":"https://steamcdn-a.akamaihd.net/steamcommunity/public/images/apps/945360/f2b99effc0a886290c7b86e1d13bf8fb8df9552c.jpg","bAchieved":true,"rtUnlocked":1636786392,"flMinProgress":0,"flCurrentProgress":0,"flMaxProgress":0,"flAchieved":6.699999809265137},{"strID":"win_impostor_vote","strName":"能言善道","strDescription":"以伪装者身份通过投票来取得胜利","strImage":"https://steamcdn-a.akamaihd.net/steamcommunity/public/images/apps/945360/e2bf2b4ca2e03bbf1b48a9a8c72dd2fde4ee7e68.jpg","bAchieved":true,"rtUnlocked":1636785835,"flMinProgress":0,"flCurrentProgress":0,"flMaxProgress":0,"flAchieved":5.400000095367432},{"strID":"wins_skeld","strName":"漂泊飞船","strDescription":"在 Skeld 获胜 3 次","strImage":"https://steamcdn-a.akamaihd.net/steamcommunity/public/images/apps/945360/1c1b96b03b075eb3b42e368ebbdf257e19ef9087.jpg","bAchieved":true,"rtUnlocked":1636722995,"flMinProgress":0,"flCurrentProgress":0,"flMaxProgress":0,"flAchieved":9.399999618530273},{"strID":"win_all_tasks","strName":"任务机器","strDescription":"以船员身份完成所有任务来取得胜利","strImage":"https://steamcdn-a.akamaihd.net/steamcommunity/public/images/apps/945360/6d277eed63e041a20b28e090f8d258f84bb71daf.jpg","bAchieved":true,"rtUnlocked":1636722371,"flMinProgress":0,"flCurrentProgress":0,"flMaxProgress":0,"flAchieved":7.099999904632568},{"strID":"kills_first","strName":"初露锋芒","strDescription":"完成首次击杀","strImage":"https://steamcdn-a.akamaihd.net/steamcommunity/public/images/apps/945360/28d77d90c1978829c159eae6fe799a191c34be83.jpg","bAchieved":true,"rtUnlocked":1636721565,"flMinProgress":0,"flCurrentProgress":0,"flMaxProgress":0,"flAchieved":12.5}],"vecUnachieved":[{"strID":"kills_medium","strName":"刺客","strDescription":"总计杀死 50 个人","strImage":"https://steamcdn-a.akamaihd.net/steamcommunity/public/images/apps/945360/3bfa10b9461b7c4dcbe5d1a75c4973d8034c6fce.jpg","bAchieved":false,"rtUnlocked":0,"flAchieved":0.4000000059604645,"flMinProgress":0,"flCurrentProgress":0,"flMaxProgress":0}],"vecAchievedHidden":[{"strID":"card_first_try","strName":"不可能的任务","strDescription":"于一场游戏中一次就通过刷卡任务","strImage":"https://steamcdn-a.akamaihd.net/steamcommunity/public/images/apps/945360/c486b2f15c031a9929e6193a334c8f947b326009.jpg","bAchieved":true,"rtUnlocked":1636716527,"flAchieved":0},{"strID":"fix_own_sabotage","strName":"伪装船员","strDescription":"修复一次自己造成的破坏","strImage":"https://steamcdn-a.akamaihd.net/steamcommunity/public/images/apps/945360/cb4695fda4b61e880404ba5051185a1c154e6156.jpg","bAchieved":true,"rtUnlocked":1636721353,"flAchieved":0},{"strID":"no_vents_impostor_win","strName":"谋事在人","strDescription":"以伪装者身份在不使用通风口的情况下取得胜利","strImage":"https://steamcdn-a.akamaihd.net/steamcommunity/public/images/apps/945360/d98da75d64e92504c70b54339a17ab98b8b732fa.jpg","bAchieved":true,"rtUnlocked":1636520022,"flAchieved":0},{"strID":"survive_two_impostors","strName":"毫无破绽","strDescription":"在伪装者为 2 名的游戏中，于游戏结束时 2 名伪装者都存活的情况下取得胜利","strImage":"https://steamcdn-a.akamaihd.net/steamcommunity/public/images/apps/945360/9c5048637cd0aecf7f9fcd4ac4f46c0d0c1d7541.jpg","bAchieved":true,"rtUnlocked":1636520021,"flAchieved":0}],"nTotal":24,"nAchieved":19}}],["achievementmap",{"version":2,"data":"[[\"task_complete_medium\",{\"strName\":\"经理\",\"strDescription\":\"总计完成 100 次任务\",\"strImage\":\"https://steamcdn-a.akamaihd.net/steamcommunity/public/images/apps/945360/fb8ff2604057a9cc13acf74166c52ff945354803.jpg\",\"bAchieved\":true,\"flAchieved\":2.5}],[\"wins_polus\",{\"strName\":\"证据确凿\",\"strDescription\":\"在 Polus 获胜 3 次\",\"strImage\":\"https://steamcdn-a.akamaihd.net/steamcommunity/public/images/apps/945360/4d3d812ce857674d5013fb8c499bfacfd063277c.jpg\",\"bAchieved\":true,\"flAchieved\":3.5}],[\"wins_airship\",{\"strName\":\"高帽船员帮\",\"strDescription\":\"在 Airship 获胜 3 次\",\"strImage\":\"https://steamcdn-a.akamaihd.net/steamcommunity/public/images/apps/945360/78c3fd6c3f272601db4023d546f4e0879c3880c3.jpg\",\"bAchieved\":true,\"flAchieved\":1.5}],[\"win_always_correct_votes\",{\"strName\":\"神探福尔摩斯\",\"strDescription\":\"以船员身份在将每一票都投给伪装者的情况下取得胜利\",\"strImage\":\"https://steamcdn-a.akamaihd.net/steamcommunity/public/images/apps/945360/970151abaa23e371daaea0423122126184346103.jpg\",\"bAchieved\":true,\"flAchieved\":11.699999809265137}],[\"wins_mira\",{\"strName\":\"全面封锁\",\"strDescription\":\"在 MIRA 获胜 3 次\",\"strImage\":\"https://steamcdn-a.akamaihd.net/steamcommunity/public/images/apps/945360/144c10dcf276eaffe8a7c03553c7d8a63c0de116.jpg\",\"bAchieved\":true,\"flAchieved\":1.899999976158142}],[\"win_sabotage\",{\"strName\":\"破坏王\",\"strDescription\":\"以伪装者身份造成严重破坏来取得胜利\",\"strImage\":\"https://steamcdn-a.akamaihd.net/steamcommunity/public/images/apps/945360/6062188e86a7cf3c7ef46f0b3e575861a26bbb46.jpg\",\"bAchieved\":true,\"flAchieved\":2.0999999046325684}],[\"kill_during_lights\",{\"strName\":\"暗藏杀机\",\"strDescription\":\"在照明毁损期间杀死一个人\",\"strImage\":\"https://steamcdn-a.akamaihd.net/steamcommunity/public/images/apps/945360/6d53ce190945abd26dc4d5cf265cda396196e736.jpg\",\"bAchieved\":true,\"flAchieved\":6.300000190734863}],[\"kills_easy\",{\"strName\":\"杀手\",\"strDescription\":\"总计杀死 5 个人\",\"strImage\":\"https://steamcdn-a.akamaihd.net/steamcommunity/public/images/apps/945360/f2b99effc0a886290c7b86e1d13bf8fb8df9552c.jpg\",\"bAchieved\":true,\"flAchieved\":6.900000095367432}],[\"win_impostor_vote\",{\"strName\":\"能言善道\",\"strDescription\":\"以伪装者身份通过投票来取得胜利\",\"strImage\":\"https://steamcdn-a.akamaihd.net/steamcommunity/public/images/apps/945360/e2bf2b4ca2e03bbf1b48a9a8c72dd2fde4ee7e68.jpg\",\"bAchieved\":true,\"flAchieved\":5.599999904632568}],[\"wins_skeld\",{\"strName\":\"漂泊飞船\",\"strDescription\":\"在 Skeld 获胜 3 次\",\"strImage\":\"https://steamcdn-a.akamaihd.net/steamcommunity/public/images/apps/945360/1c1b96b03b075eb3b42e368ebbdf257e19ef9087.jpg\",\"bAchieved\":true,\"flAchieved\":9.699999809265137}],[\"win_all_tasks\",{\"strName\":\"任务机器\",\"strDescription\":\"以船员身份完成所有任务来取得胜利\",\"strImage\":\"https://steamcdn-a.akamaihd.net/steamcommunity/public/images/apps/945360/6d277eed63e041a20b28e090f8d258f84bb71daf.jpg\",\"bAchieved\":true,\"flAchieved\":7.199999809265137}],[\"kills_first\",{\"strName\":\"初露锋芒\",\"strDescription\":\"完成首次击杀\",\"strImage\":\"https://steamcdn-a.akamaihd.net/steamcommunity/public/images/apps/945360/28d77d90c1978829c159eae6fe799a191c34be83.jpg\",\"bAchieved\":true,\"flAchieved\":12.800000190734863}],[\"survive_crewmate\",{\"strName\":\"幸存者\",\"strDescription\":\"以船员身份存活下来并取得胜利\",\"strImage\":\"https://steamcdn-a.akamaihd.net/steamcommunity/public/images/apps/945360/36b531782d1eba6166eb54769d36f42a3e87ace0.jpg\",\"bAchieved\":true,\"flAchieved\":13.800000190734863}],[\"fix_own_sabotage\",{\"strName\":\"伪装船员\",\"strDescription\":\"修复一次自己造成的破坏\",\"strImage\":\"https://steamcdn-a.akamaihd.net/steamcommunity/public/images/apps/945360/cb4695fda4b61e880404ba5051185a1c154e6156.jpg\",\"bAchieved\":true,\"flAchieved\":6.800000190734863,\"bHidden\":true}],[\"task_complete_easy\",{\"strName\":\"实习生\",\"strDescription\":\"总计完成 10 次任务\",\"strImage\":\"https://steamcdn-a.akamaihd.net/steamcommunity/public/images/apps/945360/11d6a7da14eaa7036982b4375ea7caba288339ce.jpg\",\"bAchieved\":true,\"flAchieved\":12.600000381469727}],[\"card_first_try\",{\"strName\":\"不可能的任务\",\"strDescription\":\"于一场游戏中一次就通过刷卡任务\",\"strImage\":\"https://steamcdn-a.akamaihd.net/steamcommunity/public/images/apps/945360/c486b2f15c031a9929e6193a334c8f947b326009.jpg\",\"bAchieved\":true,\"flAchieved\":11.100000381469727,\"bHidden\":true}],[\"survive_two_impostors\",{\"strName\":\"毫无破绽\",\"strDescription\":\"在伪装者为 2 名的游戏中，于游戏结束时 2 名伪装者都存活的情况下取得胜利\",\"strImage\":\"https://steamcdn-a.akamaihd.net/steamcommunity/public/images/apps/945360/9c5048637cd0aecf7f9fcd4ac4f46c0d0c1d7541.jpg\",\"bAchieved\":true,\"flAchieved\":6.199999809265137,\"bHidden\":true}],[\"win_kills\",{\"strName\":\"开膛手\",\"strDescription\":\"以伪装者身份杀死所有船员来取得胜利\",\"strImage\":\"https://steamcdn-a.akamaihd.net/steamcommunity/public/images/apps/945360/cbf1cacf0178c63aa2f8545030d53b5f9891aeb0.jpg\",\"bAchieved\":true,\"flAchieved\":7.900000095367432}],[\"no_vents_impostor_win\",{\"strName\":\"谋事在人\",\"strDescription\":\"以伪装者身份在不使用通风口的情况下取得胜利\",\"strImage\":\"https://steamcdn-a.akamaihd.net/steamcommunity/public/images/apps/945360/d98da75d64e92504c70b54339a17ab98b8b732fa.jpg\",\"bAchieved\":true,\"flAchieved\":4.800000190734863,\"bHidden\":true}]]"}],["usernews",{"version":2,"data":["COoHEMb435AGGTZMBAIAAHABISnbYEQBABABKdBsDgAAAAAAUYOaeg7xA2YrYKPr35AG","COoHENWBtpAGGTZMBAIAAHABISnbYEQBABABKdBsDgAAAAAAUQVXZYddA2YrYMPrtZAG","COoHEMbHxo8GGTZMBAIAAHABISnbYEQBABABKdBsDgAAAAAAUT83ejykAXIrYLS9xo8G","COoHEOSZl48GGTZMBAIAAHABISnbYEQBABABKdBsDgAAAAAAUWd88rt7AIYrYMCYl48G"]}],["gameactivity",{"version":3,"data":[]}],["socialmedia",{"version":3,"data":[{"eType":4,"strName":"Among Us","strURL":"https://twitter.com/AmongUsGame"}]}],["associations",{"version":2,"data":{"rgDevelopers":[{"strName":"Innersloth","strURL":"https://store.steampowered.com/developer/Innersloth"}],"rgPublishers":[{"strName":"Innersloth","strURL":"https://store.steampowered.com/publisher/Innersloth"}],"rgFranchises":[{"strName":"Innersloth","strURL":"https://store.steampowered.com/franchise/Innersloth"}]}}],["releasedata",{"version":2}],["descriptions",{"version":1,"data":{"strFullDescription":"[img]https://media.st.dl.pinyuncloud.com/steam/apps/945360/extras/theairship.png?t=1639121898[/img]\r\n欢迎各位新乘员！\r\n\r\n快跳入《Among Us》最新的地图“Airship”中吧！在这艘飞船上同心协力，实行最缜密巧妙的计划... 至于是以船员还是伪装者的身分行动，那就是另一回事了。\r\n\r\n本次免费更新包含：\r\n[list]\r\n[*]第 4 张地图，也是当前最大的地图\r\n[*]抛光宝石、清垃圾 (真好玩) 等全新任务\r\n[*]能够选择开局时所在的房间\r\n[*]可探索 (或死于其中) 的全新区域\r\n[*]改善梯子与移动平台的移动能力\r\n[*]全新免费帽子，包含心型别针、愤怒眉毛、独角兽头部、橡胶手套等内容！\r\n[/list]\r\n\r\n[img]https://media.st.dl.pinyuncloud.com/steam/apps/945360/extras/steam_AboutBanner_copy.png?t=1639121898[/img]\r\n\r\n您可以在线或利用本地 WiFi 与 4-15 名玩家一起游玩，努力整备飞船为出发做准备，但过程中要小心，组员中至少会有一名玩家会被随机指派为想要杀死大家的伪装者！\r\n\r\n本游戏是以派对同乐为目的打造而成，因此推荐您与好友们通过局域网面机，或在线上配合语音聊天一起游玩。可在 Android、iOS 和电脑间跨平台畅游。\r\n\r\n[img]https://media.st.dl.pinyuncloud.com/steam/apps/945360/extras/steam_AboutCrew_copy.png?t=1639121898[/img]\r\n\r\n[list]\r\n[*]完成任务让船只准备好启程或是驱逐所有伪装者来获得胜利。\r\n[*]快速应对以修复伪装者造成的破坏。\r\n[*]查看管理室地图和保安摄像机以密切关注其他船员的动态。\r\n[*]发现尸体时立即报告，以开始讨论谁可能是伪装者。\r\n[*]召开紧急会议来针对可疑的行动进行讨论。\r\n[*]投票驱逐推测是伪装者的人。\r\n[/list]\r\n\r\n[img]https://media.st.dl.pinyuncloud.com/steam/apps/945360/extras/steam_AboutImpostor_copy.png?t=1639121898[/img]\r\n\r\n[list]\r\n[*]杀死船员并嫁祸给旁观者。\r\n[*]假装进行任务以融入船员之中。\r\n[*]利用通风口在船上隐密地快速移动。\r\n[*]搞破坏来制造混乱并分化船员。\r\n[*]关门以困住受害者并悄悄将其杀害。\r\n[/list]\r\n\r\n[img]https://media.st.dl.pinyuncloud.com/steam/apps/945360/extras/steam_AboutMultiPlay.png?t=1639121898[/img]\r\n\r\n[h2] 功能 [/h2]\r\n[list]\r\n[*]客制化：自行选择颜色和帽子。\r\n[*]多样化的游戏选项：增加更多伪装者、更多任务与其他更多内容！\r\n[*]利用主持列表来快速寻找在线游戏！\r\n[*]游戏内文字聊天。\r\n[*]丰富的 Discord 整合项目。\r\n[*]在电脑、Android 和 iOS 上享受跨平台游玩的乐趣！\r\n[/list]","strSnippet":"这是一款可以连线或本地游玩的派对游戏，4 到 15 名玩家相互合作与背叛... 一切都发生在太空之中！"}}]]